exp_id,dataset,method,run_id,outer_fold,seed,eval_index,iteration,particle_id,pos_n_estimators,pos_max_depth,pos_min_samples_split,vel_n_estimators,vel_max_depth,vel_min_samples_split,n_estimators,max_depth,min_samples_split,fitness,fitness_metric,cv_scores,cv_std,diag_balanced_accuracy,diag_f1_macro,cache_hit,status,error,pbest_fitness,gbest_fitness,best_so_far_fitness,fit_time_s,timestamp
20260925-083324_default,digits,pso,fold_2,2,2,0,0,0,89.24182013739747,7.37284058145422,8.513805924754243,-8.94277657411649,1.3840188252778567,0.28769833837533376,89,7,9,0.9589721254355401,accuracy,"[0.9513888888888888,0.9548611111111112,0.96875,0.9372822299651568,0.9825783972125436]",0.015477211499636143,0.9588653530377668,0.9586465949079297,false,ok,,0.9589721254355401,0.9735723964382501,0.9589721254355401,0.5263470999780111,2026-09-25T09:07:10.882Z
20260925-083324_default,digits,pso,fold_2,2,2,1,0,1,63.78739132026453,12.801809467381773,7.828484214494357,10.477089708433038,0.5199705691398633,-0.1495321637191417,64,13,8,0.9610627177700349,accuracy,"[0.9513888888888888,0.9513888888888888,0.9722222222222222,0.9477351916376306,0.9825783972125436]",0.013800346986539787,0.9609343185550083,0.9607344102063905,false,ok,,0.9610627177700349,0.9735723964382501,0.9610627177700349,0.4893764000153169,2026-09-25T09:07:10.882Z
20260925-083324_default,digits,pso,fold_2,2,2,2,0,2,78.18516100499052,2.9926392919952276,4.199754943248305,0.49734582374990133,0.33639666392126233,0.5793887758522052,78,3,4,0.8671965737514519,accuracy,"[0.8680555555555556,0.8298611111111112,0.875,0.8606271777003485,0.9024390243902439]",0.023412626392733196,0.8666354679802956,0.8623309883338013,false,ok,,0.8671965737514519,0.9735723964382501,0.9610627177700349,0.34934030001750216,2026-09-25T09:07:10.882Z
20260925-083324_default,digits,pso,fold_2,2,2,3,0,3,148.6149522313389,12.120781930047704,3.200498106442689,-1.85441501522625,1.4120643958799144,0.18194710144413961,149,12,3,0.9735723964382501,accuracy,"[0.9652777777777778,0.9756944444444444,0.9826388888888888,0.9547038327526133,0.9895470383275261]",0.012383189822257288,0.9735205254515599,0.9733096692791621,false,ok,,0.9735723964382501,0.9735723964382501,0.9735723964382501,1.059287599986419,2026-09-25T09:07:10.882Z
20260925-083324_default,digits,pso,fold_2,2,2,4,0,4,114.89461862071808,14.047351374341364,5.3822773861610225,9.880683774197443,-0.006998202297907596,0.30802901092795754,115,14,5,0.9680168408826946,accuracy,"[0.9583333333333334,0.9722222222222222,0.9652777777777778,0.9616724738675958,0.9825783972125436]",0.00861681998108047,0.9678062397372742,0.9677563547213858,false,ok,,0.9680168408826946,0.9735723964382501,0.9735723964382501,0.8373449000064284,2026-09-25T09:07:10.882Z
20260925-083324_default,digits,pso,fold_2,2,2,5,0,5,144.97765989111747,19.41384714488618,7.464518578477002,-4.829238760520699,0.08218261412554995,-0.4540425743695769,145,19,7,0.9708042973286876,accuracy,"[0.9548611111111112,0.9618055555555556,0.9791666666666666,0.9651567944250871,0.9930313588850174]",0.013645719590315871,0.9707372742200328,0.9706834153193471,false,ok,,0.9708042973286876,0.9735723964382501,0.9735723964382501,0.9798988999682479,2026-09-25T09:07:10.882Z
20260925-083324_default,digits,pso,fold_2,2,2,6,0,6,108.74372496200392,5.3705462549617655,4.767685324573865,-11.978891939445695,-1.6610251322845122,0.3231191622175831,109,5,5,0.9443766937669377,accuracy,"[0.9340277777777778,0.9375,0.9479166666666666,0.9337979094076655,0.9686411149825784]",0.013172647440023309,0.9443037766830871,0.9441971830648598,false,ok,,0.9443766937669377,0.9735723964382501,0.9735723964382501,0.6128738999832422,2026-09-25T09:07:10.882Z
20260925-083324_default,digits,pso,fold_2,2,2,7,0,7,126.65989603543656,18.041769371010425,8.204511539781516,-1.3070813735533182,1.431842929535432,0.5362931275076475,127,18,8,0.9673175571041425,accuracy,"[0.9548611111111112,0.9618055555555556,0.9826388888888888,0.9581881533101045,0.9790940766550522]",0.01133420347333471,0.9672151067323481,0.9670939991849433,false,ok,,0.9673175571041425,0.9735723964382501,0.9735723964382501,0.8684745000209659,2026-09-25T09:07:10.882Z
20260925-083324_default,digits,pso,fold_2,2,2,8,0,8,97.72199009230616,18.635904137122836,5.76727908332606,-3.447145965575503,1.7052435709388025,0.14729921772538346,98,19,6,0.9666206929926442,accuracy,"[0.9583333333333334,0.9618055555555556,0.9791666666666666,0.9547038327526133,0.9790940766550522]",0.010458146987493968,0.9665500821018063,0.9663749424761386,false,ok,,0.9666206929926442,0.9735723964382501,0.9735723964382501,0.6166138999979012,2026-09-25T09:07:10.882Z
20260925-083324_default,digits,pso,fold_2,2,2,9,0,9,154.0638263303345,3.929731552164585,2.836348467463532,7.976499426458943,-0.33410030947341496,-0.48612814085076494,154,4,3,0.9207389663182347,accuracy,"[0.9166666666666666,0.8993055555555556,0.9236111111111112,0.9198606271777003,0.9442508710801394]",0.01440697804720899,0.9206305418719211,0.9202784513788508,false,ok,,0.9207389663182347,0.9735723964382501,0.9735723964382501,0.6816141000017524,2026-09-25T09:07:10.882Z
20260925-083324_default,digits,pso,fold_2,2,2,10,1,0,119.24182013739747,10.97284058145422,6.913805924754243,30.0,3.6,-1.6,119,11,7,0.9680192605497483,accuracy,"[0.9583333333333334,0.9583333333333334,0.9756944444444444,0.9616724738675958,0.9860627177700348]",0.011066985764424175,0.9679047619047619,0.967690846456194,false,ok,,0.9680192605497483,0.9735723964382501,0.9735723964382501,0.6976552999694832,2026-09-25T09:07:19.483Z
20260925-083324_default,digits,pso,fold_2,2,2,11,1,1,77.65421846078854,12.784309855152582,6.228484214494356,13.866827140524013,-0.017499612229189943,-1.6,78,13,6,0.9693960511033681,accuracy,"[0.9618055555555556,0.9722222222222222,0.9826388888888888,0.9547038327526133,0.975609756097561]",0.009954366160526109,0.9693333333333334,0.9691575642351979,false,ok,,0.9693960511033681,0.9735723964382501,0.9735723964382501,0.546430800051894,2026-09-25T09:07:19.484Z
20260925-083324_default,digits,pso,fold_2,2,2,12,1,2,108.18516100499052,3.330813030331444,4.40137829043341,30.0,0.33817373833621633,0.20162334718510522,108,3,4,0.8797135114208284,accuracy,"[0.8784722222222222,0.8576388888888888,0.875,0.8745644599303136,0.9128919860627178]",0.018101772617790456,0.8792972085385878,0.8762380532763989,false,ok,,0.8797135114208284,0.9735723964382501,0.9735723964382501,0.49018889997387305,2026-09-25T09:07:19.484Z
20260925-083324_default,digits,pso,fold_2,2,2,13,1,3,147.26160015322677,13.151306526160866,3.333283101076622,-1.3533520781121173,1.0305245961131615,0.1327849946339331,147,13,3,0.9721859272164151,accuracy,"[0.9618055555555556,0.96875,0.9826388888888888,0.9581881533101045,0.9895470383275261]",0.012051290161014408,0.9721165845648605,0.9719370528856738,false,ok,,0.9735723964382501,0.9735723964382501,0.9735723964382501,1.0329142000409774,2026-09-25T09:07:19.484Z
20260925-083324_default,digits,pso,fold_2,2,2,14,1,4,144.89461862071806,13.21948612186108,3.7822773861610224,30.0,-0.827865252480285,-1.6,145,13,4,0.9714890631049167,accuracy,"[0.9618055555555556,0.9722222222222222,0.9791666666666666,0.9547038327526133,0.9895470383275261]",0.012337648595429199,0.9713530377668308,0.971298028488077,false,ok,,0.9714890631049167,0.9735723964382501,0.9735723964382501,1.0274831000133418,2026-09-25T09:07:19.484Z
20260925-083324_default,digits,pso,fold_2,2,2,15,1,5,146.68782013003056,18.825286318361925,5.864518578477002,1.7101602389130894,-0.5885608265242547,-1.6,147,19,6,0.9687064459930314,accuracy,"[0.9583333333333334,0.96875,0.9791666666666666,0.9547038327526133,0.9825783972125436]",0.011004760678367476,0.9685944170771755,0.9683518349403887,false,ok,,0.9708042973286876,0.9735723964382501,0.9735723964382501,1.0154445000225678,2026-09-25T09:07:19.484Z
20260925-083324_default,digits,pso,fold_2,2,2,16,1,6,133.58841458621112,8.970546254961766,4.853374044682563,24.844689624207177,3.6,0.08568872010869855,134,9,5,0.9680168408826944,accuracy,"[0.9513888888888888,0.96875,0.9756944444444444,0.9651567944250871,0.9790940766550522]",0.009662886984199526,0.9679293924466338,0.9677407943372014,false,ok,,0.9680168408826944,0.9735723964382501,0.9735723964382501,0.9831295000039972,2026-09-25T09:07:19.484Z
20260925-083324_default,digits,pso,fold_2,2,2,17,1,7,131.77651894204544,15.040707358416519,6.604511539781516,5.116622906608888,-3.0010620125939065,-1.6,132,15,7,0.9721931862175763,accuracy,"[0.9548611111111112,0.9652777777777778,0.9826388888888888,0.9651567944250871,0.9930313588850174]",0.013719159269126872,0.9721165845648605,0.9720532651841367,false,ok,,0.9721931862175763,0.9735723964382501,0.9735723964382501,0.8810031000175513,2026-09-25T09:07:19.484Z
20260925-083324_default,digits,pso,fold_2,2,2,18,1,8,127.72199009230616,15.035904137122836,4.16727908332606,30.0,-3.6,-1.6,128,15,4,0.971486643437863,accuracy,"[0.96875,0.9756944444444444,0.9722222222222222,0.9581881533101045,0.9825783972125436]",0.008069854078497527,0.9713530377668308,0.9712533522720115,false,ok,,0.971486643437863,0.9735723964382501,0.9735723964382501,0.8516957999672741,2026-09-25T09:07:19.484Z
20260925-083324_default,digits,pso,fold_2,2,2,19,1,9,159.4551770001158,7.529731552164585,2.8164419897505666,5.391350669781294,3.6,-0.019906477712965553,159,8,3,0.9680192605497483,accuracy,"[0.9548611111111112,0.9652777777777778,0.9722222222222222,0.9616724738675958,0.9860627177700348]",0.010622293169630197,0.9679523809523809,0.9678628740587791,false,ok,,0.9680192605497483,0.9735723964382501,0.9735723964382501,1.066169700003229,2026-09-25T09:07:19.484Z
20260925-083324_default,digits,pso,fold_2,2,2,20,2,0,149.24182013739747,14.02033087396729,5.313805924754243,30.0,3.0474902925130687,-1.6,149,14,5,0.9673272357723576,accuracy,"[0.9479166666666666,0.96875,0.96875,0.9651567944250871,0.9860627177700348]",0.01213711506437137,0.9671412151067325,0.9670190239809481,false,ok,,0.9680192605497483,0.9742692605497483,0.9735723964382501,1.0251066000200808,2026-09-25T09:07:28.684Z
20260925-083324_default,digits,pso,fold_2,2,2,21,2,1,107.65421846078854,12.079265859502728,4.667038449215586,30.0,-0.7050439956498548,-1.56144576527877,108,12,5,0.9673199767711964,accuracy,"[0.9583333333333334,0.9722222222222222,0.9652777777777778,0.9616724738675958,0.9790940766550522]",0.007476443868461804,0.9670919540229885,0.9670525536161572,false,ok,,0.9693960511033681,0.9742692605497483,0.9735723964382501,0.7502145000034943,2026-09-25T09:07:28.684Z
20260925-083324_default,digits,pso,fold_2,2,2,22,2,2,138.1851610049905,6.930813030331445,3.4229134348492942,30.0,3.6,-0.9784648555841158,138,7,3,0.9638429152148665,accuracy,"[0.9618055555555556,0.9548611111111112,0.96875,0.9547038327526133,0.9790940766550522]",0.00921980340305133,0.9636683087027915,0.9635660513195192,false,ok,,0.9638429152148665,0.9742692605497483,0.9735723964382501,0.749652500031516,2026-09-25T09:07:28.684Z
20260925-083324_default,digits,pso,fold_2,2,2,23,2,3,148.49883893665236,11.026501644076262,3.262033225191682,1.2372387834255913,-2.1248048820846037,-0.07124987588494017,148,11,3,0.9735772357723578,accuracy,"[0.9618055555555556,0.9722222222222222,0.9826388888888888,0.9616724738675958,0.9895470383275261]",0.011129061269596582,0.97352052545156,0.9733929050146266,false,ok,,0.9735772357723578,0.9742692605497483,0.9735772357723578,0.8171432000235654,2026-09-25T09:07:28.684Z
20260925-083324_default,digits,pso,fold_2,2,2,24,2,4,167.64134242455748,11.973207238550847,2.1822773861610223,22.746723803839416,-1.2462788833102318,-1.6,168,12,2,0.9708018776616338,accuracy,"[0.9652777777777778,0.9618055555555556,0.9722222222222222,0.9616724738675958,0.9930313588850174]",0.011755532473939925,0.9707372742200328,0.9705043465340287,false,ok,,0.9714890631049167,0.9742692605497483,0.9735772357723578,0.8184428000240587,2026-09-25T09:07:28.684Z
20260925-083324_default,digits,pso,fold_2,2,2,25,2,5,149.27414008412222,15.225286318361926,4.264518578477002,2.5863199540916533,-3.6,-1.6,149,15,4,0.968711285327139,accuracy,"[0.9583333333333334,0.96875,0.9722222222222222,0.9616724738675958,0.9825783972125436]",0.008507311245019912,0.9685697865353038,0.9685217448712651,false,ok,,0.9708042973286876,0.9742692605497483,0.9735772357723578,0.680458799994085,2026-09-25T09:07:28.684Z
20260925-083324_default,digits,pso,fold_2,2,2,26,2,6,163.58841458621112,12.570546254961766,4.274261093118321,30.0,3.6,-0.5791129515642421,164,13,4,0.9707946186604725,accuracy,"[0.9583333333333334,0.9722222222222222,0.9791666666666666,0.9547038327526133,0.9895470383275261]",0.01294588356392697,0.970663382594417,0.9705962508355995,false,ok,,0.9707946186604725,0.9742692605497483,0.9735772357723578,1.1332301000365987,2026-09-25T09:07:28.684Z
20260925-083324_default,digits,pso,fold_2,2,2,27,2,7,146.15583988120318,11.55992086283116,5.004511539781516,14.379320939157722,-3.4807864955853605,-1.6,146,12,5,0.9687161246612466,accuracy,"[0.9548611111111112,0.96875,0.96875,0.9651567944250871,0.9860627177700348]",0.010055215758634793,0.9685697865353038,0.9684671898501666,false,ok,,0.9721931862175763,0.9742692605497483,0.9735772357723578,0.9967350999941118,2026-09-25T09:07:28.684Z
20260925-083324_default,digits,pso,fold_2,2,2,28,2,8,157.72199009230616,11.73907646391008,2.5672790833260595,30.0,-3.2968276732127557,-1.6,158,12,3,0.9742668408826946,accuracy,"[0.96875,0.9756944444444444,0.9826388888888888,0.9547038327526133,0.9895470383275261]",0.011989666335000114,0.9742348111658454,0.9739896083473232,false,ok,,0.9742668408826946,0.9742692605497483,0.9742668408826946,1.0859167000162415,2026-09-25T09:07:28.684Z
20260925-083324_default,digits,pso,fold_2,2,2,29,2,9,152.40019466261947,11.129731552164586,3.3269670606525685,-7.0549823374963445,3.6,0.5105250709020019,152,11,3,0.9742692605497483,accuracy,"[0.9652777777777778,0.9756944444444444,0.9826388888888888,0.9616724738675958,0.9860627177700348]",0.009494137749475426,0.9742101806239738,0.9740873568803756,false,ok,,0.9742692605497483,0.9742692605497483,0.9742692605497483,1.1330695999786258,2026-09-25T09:07:28.684Z
20260925-083324_default,digits,pso,fold_2,2,2,30,3,0,142.65826380595803,10.728748301536225,3.713805924754243,-6.5835563314394285,-3.2915825724310652,-1.6,143,11,4,0.9687112853271389,accuracy,"[0.9548611111111112,0.96875,0.9756944444444444,0.9581881533101045,0.9860627177700348]",0.011422800454933433,0.9685451559934319,0.9683640640676134,false,ok,,0.9687112853271389,0.9749661246612467,0.9742692605497483,0.9705009000026621,2026-09-25T09:07:38.570Z
20260925-083324_default,digits,pso,fold_2,2,2,31,3,1,137.65421846078854,11.257234046731268,5.441368516048751,30.0,-0.8220318127714603,0.7743300668331651,138,11,5,0.9701050135501355,accuracy,"[0.9618055555555556,0.9722222222222222,0.9652777777777778,0.9651567944250871,0.9860627177700348]",0.008669474923502278,0.9699244663382594,0.9698465782582547,false,ok,,0.9701050135501355,0.9749661246612467,0.9742692605497483,0.850210500007961,2026-09-25T09:07:38.570Z
20260925-083324_default,digits,pso,fold_2,2,2,32,3,2,168.1851610049905,10.530813030331444,2.6843930233298168,30.0,3.6,-0.7385204115194773,168,11,3,0.9749661246612467,accuracy,"[0.9652777777777778,0.9756944444444444,0.9826388888888888,0.9616724738675958,0.9895470383275261]",0.010417197518536668,0.9748768472906404,0.9747519228901107,false,ok,,0.9749661246612467,0.9749661246612467,0.9749661246612467,1.103144099994097,2026-09-25T09:07:38.570Z
20260925-083324_default,digits,pso,fold_2,2,2,33,3,3,150.29838944979377,9.542644750731311,3.2680905663039193,1.799550513141408,-1.483856893344951,0.006057341112237213,150,10,3,0.9701025938830817,accuracy,"[0.9618055555555556,0.9652777777777778,0.9756944444444444,0.9581881533101045,0.9895470383275261]",0.01134397463042949,0.9700476190476189,0.969952268527774,false,ok,,0.9735772357723578,0.9749661246612467,0.9749661246612467,0.9383836999768391,2026-09-25T09:07:38.570Z
20260925-083324_default,digits,pso,fold_2,2,2,34,3,4,137.64134242455748,10.290461410944477,2.8884701715617727,-30.0,-1.68274582760637,0.7061927854007501,138,10,3,0.9701025938830817,accuracy,"[0.9618055555555556,0.9652777777777778,0.9756944444444444,0.9581881533101045,0.9895470383275261]",0.01134397463042949,0.9700476190476189,0.969952268527774,false,ok,,0.9714890631049167,0.9749661246612467,0.9749661246612467,0.8431939000147395,2026-09-25T09:07:38.570Z
20260925-083324_default,digits,pso,fold_2,2,2,35,3,5,147.51979796415733,11.625286318361926,5.834926535172631,-1.7543421199648876,-3.6,1.5704079566956284,148,12,6,0.9700977545489741,accuracy,"[0.9618055555555556,0.96875,0.9791666666666666,0.9581881533101045,0.9825783972125436]",0.009491335168813248,0.9699737274220033,0.969790649745379,false,ok,,0.9708042973286876,0.9749661246612467,0.9749661246612467,0.9341389999608509,2026-09-25T09:07:38.570Z
20260925-083324_default,digits,pso,fold_2,2,2,36,3,6,181.60883482564458,15.05689107082945,3.6124819598741764,18.02042023943346,2.4863448158676835,-0.6617791332441445,182,15,4,0.9707946186604722,accuracy,"[0.9652777777777778,0.96875,0.9756944444444444,0.9581881533101045,0.9860627177700348]",0.009493809673197021,0.970688013136289,0.970507677442936,false,ok,,0.9707946186604725,0.9749661246612467,0.9749661246612467,1.133584700000938,2026-09-25T09:07:38.570Z
20260925-083324_default,digits,pso,fold_2,2,2,37,3,7,154.76207778326932,11.401967167004399,4.308439074920343,8.606237902066129,-0.15795369582676022,-0.6960724648611738,155,11,4,0.9694081494386373,accuracy,"[0.9548611111111112,0.9652777777777778,0.9791666666666666,0.9581881533101045,0.9895470383275261]",0.013079511546326111,0.9692594417077176,0.9691326020587459,false,ok,,0.9721931862175763,0.9749661246612467,0.9749661246612467,0.9813399000559002,2026-09-25T09:07:38.570Z
20260925-083324_default,digits,pso,fold_2,2,2,38,3,8,179.2604587193338,8.765154412861571,2.0,21.538468627027644,-2.9739220510485094,0.0,179,9,2,0.9707994579945799,accuracy,"[0.9618055555555556,0.9652777777777778,0.9756944444444444,0.9616724738675958,0.9895470383275261]",0.010678143410145415,0.9707126436781609,0.9704248686963222,false,ok,,0.9742668408826946,0.9749661246612467,0.9749661246612467,1.133218900009524,2026-09-25T09:07:38.570Z
20260925-083324_default,digits,pso,fold_2,2,2,39,3,9,147.25146855271464,13.757011552164586,3.6995482573968497,-5.148726109904832,2.6272800000000003,0.37258119674428103,147,14,4,0.9701025938830817,accuracy,"[0.9618055555555556,0.96875,0.9722222222222222,0.9616724738675958,0.9860627177700348]",0.00895495011130116,0.9699983579638751,0.9699679419975965,false,ok,,0.9742692605497483,0.9749661246612467,0.9749661246612467,0.986287200008519,2026-09-25T09:07:38.570Z
20260925-083324_default,digits,pso,fold_2,2,2,40,4,0,138.68619559246565,8.231068236183056,2.113805924754243,-3.972068213492383,-2.49768006535317,-1.6,139,8,2,0.9673223964382501,accuracy,"[0.9652777777777778,0.9583333333333334,0.96875,0.9581881533101045,0.9860627177700348]",0.01021426271488127,0.9671904761904762,0.9670750569963349,false,ok,,0.9687112853271389,0.9749661246612467,0.9749661246612467,0.8741256999783218,2026-09-25T09:07:47.694Z
20260925-083324_default,digits,pso,fold_2,2,2,41,4,1,167.65421846078854,10.27817643939776,3.841368516048751,30.0,-0.9790576073335094,-1.6,168,10,4,0.971486643437863,accuracy,"[0.9583333333333334,0.9722222222222222,0.9861111111111112,0.9547038327526133,0.9860627177700348]",0.013278180410084299,0.9714269293924467,0.9712164275385622,false,ok,,0.971486643437863,0.9749661246612467,0.9749661246612467,1.0679953999933787,2026-09-25T09:07:47.694Z
20260925-083324_default,digits,pso,fold_2,2,2,42,4,2,190.0791610049905,13.158093030331445,2.1454208270029023,21.894,2.6272800000000003,-0.5389721963269145,190,13,2,0.9708018776616336,accuracy,"[0.9618055555555556,0.9618055555555556,0.9756944444444444,0.9616724738675958,0.9930313588850174]",0.012355571064845552,0.9707372742200328,0.970500926595364,false,ok,,0.9749661246612467,0.9749661246612467,0.9749661246612467,1.2141941000008956,2026-09-25T09:07:47.694Z
20260925-083324_default,digits,pso,fold_2,2,2,43,4,3,162.9337164995037,9.185116978543231,2.48936417993721,12.635327049709929,-0.35752777218807974,-0.7787263863667093,163,9,2,0.9707994579945799,accuracy,"[0.9583333333333334,0.96875,0.9756944444444444,0.9616724738675958,0.9895470383275261]",0.011120602880061267,0.970712643678161,0.9704042542695126,false,ok,,0.9735772357723578,0.9749661246612467,0.9749661246612467,1.0456459000124596,2026-09-25T09:07:47.694Z
20260925-083324_default,digits,pso,fold_2,2,2,44,4,4,138.48856836133206,11.405320073756739,3.7411989127544203,0.8472259367745689,1.1148586628122612,0.8527287411926476,138,11,4,0.9694057297715833,accuracy,"[0.9583333333333334,0.96875,0.9756944444444444,0.9581881533101045,0.9860627177700348]",0.010638281322708573,0.9692594417077176,0.9691200516160539,false,ok,,0.9714890631049167,0.9749661246612467,0.9749661246612467,0.875115700007882,2026-09-25T09:07:47.694Z
20260925-083324_default,digits,pso,fold_2,2,2,45,4,5,157.93551476246634,11.387867718091037,5.425738539842974,10.415716798309013,-0.237418600270889,-0.4091879953296571,158,11,5,0.9708018776616336,accuracy,"[0.9548611111111112,0.9756944444444444,0.96875,0.9651567944250871,0.9895470383275261]",0.011536927346728783,0.9706387520525451,0.9705642816075368,false,ok,,0.9708042973286876,0.9749661246612467,0.9749661246612467,0.8923472999595106,2026-09-25T09:07:47.694Z
20260925-083324_default,digits,pso,fold_2,2,2,46,4,6,186.24578232603358,12.460398756624084,3.3517499301193046,4.636947500389005,-2.5964923142053657,-0.2607320297548717,186,12,3,0.9721835075493612,accuracy,"[0.9652777777777778,0.96875,0.9826388888888888,0.9547038327526133,0.9895470383275261]",0.012456518846041547,0.9721412151067323,0.9718871624407797,false,ok,,0.9721835075493612,0.9749661246612467,0.9749661246612467,1.1865162000176497,2026-09-25T09:07:47.694Z
20260925-083324_default,digits,pso,fold_2,2,2,47,4,7,161.046910356338,14.360420856276413,4.162305542482573,6.284832573068687,2.958453689272015,-0.14613353243777044,161,14,4,0.9694081494386373,accuracy,"[0.9583333333333334,0.96875,0.9722222222222222,0.9616724738675958,0.9860627177700348]",0.009676973090039979,0.9692594417077176,0.9692366076134276,false,ok,,0.9721931862175763,0.9749661246612467,0.9749661246612467,0.9815783000085503,2026-09-25T09:07:47.694Z
20260925-083324_default,digits,pso,fold_2,2,2,48,4,8,177.6315822291804,7.471451646141514,2.8107565492102937,-1.628876490153405,-1.2937027667200576,0.8107565492102935,178,7,3,0.9624516066589237,accuracy,"[0.9618055555555556,0.9513888888888888,0.96875,0.9512195121951219,0.9790940766550522]",0.010635813262579662,0.9622643678160918,0.9620504189076364,false,ok,,0.9742668408826946,0.9749661246612467,0.9749661246612467,0.9778305999934673,2026-09-25T09:07:47.694Z
20260925-083324_default,digits,pso,fold_2,2,2,49,4,9,150.09658949652896,10.157011552164587,2.807427649227634,2.845120943814308,-3.6,-0.8921206081692155,150,10,3,0.9701025938830817,accuracy,"[0.9618055555555556,0.9652777777777778,0.9756944444444444,0.9581881533101045,0.9895470383275261]",0.01134397463042949,0.9700476190476189,0.969952268527774,true,ok,,0.9742692605497483,0.9749661246612467,0.9749661246612467,0.0,2026-09-25T09:07:47.694Z
20260925-083324_default,digits,pso,fold_2,2,2,50,5,0,167.1329540404394,8.64026808663692,3.3756258301874884,28.446758447973725,0.40919985045386464,1.2618199054332453,167,9,3,0.968711285327139,accuracy,"[0.9583333333333334,0.9618055555555556,0.9791666666666666,0.9547038327526133,0.9895470383275261]",0.013379411952246168,0.9686436781609193,0.9684309011925114,false,ok,,0.968711285327139,0.975660569105691,0.9749661246612467,1.0193440000293776,2026-09-25T09:07:57.449Z
20260925-083324_default,digits,pso,fold_2,2,2,51,5,1,189.84017106584423,9.90009455671328,2.241368516048751,22.185952605055693,-0.37808188268447923,-1.6,190,10,2,0.9707970383275262,accuracy,"[0.9652777777777778,0.9618055555555556,0.9791666666666666,0.9616724738675958,0.9860627177700348]",0.009976555752511508,0.9707126436781609,0.9705253648264887,false,ok,,0.971486643437863,0.975660569105691,0.9749661246612467,1.2612835999461822,2026-09-25T09:07:57.449Z
20260925-083324_default,digits,pso,fold_2,2,2,52,5,2,187.25216377721367,9.615352893434139,2.2781049256651484,-2.8269972277768463,-3.542740136897306,0.13268409866224606,187,10,2,0.9687088656600851,accuracy,"[0.9652777777777778,0.9618055555555556,0.9756944444444444,0.9581881533101045,0.9825783972125436]",0.009069461497173704,0.9686190476190475,0.9684232306190326,false,ok,,0.9749661246612467,0.975660569105691,0.9749661246612467,1.1319809000124224,2026-09-25T09:07:57.449Z
20260925-083324_default,digits,pso,fold_2,2,2,53,5,3,172.29105422253235,11.003010482807742,2.9824044477360765,9.357337723028662,1.81789350426451,0.4930402677988662,172,11,3,0.975660569105691,accuracy,"[0.96875,0.9756944444444444,0.9826388888888888,0.9616724738675958,0.9895470383275261]",0.00984839982676041,0.9755665024630542,0.9754451779980202,false,ok,,0.975660569105691,0.975660569105691,0.975660569105691,1.1352682000142522,2026-09-25T09:07:57.449Z
20260925-083324_default,digits,pso,fold_2,2,2,54,5,4,146.7398061703117,13.22392834486493,3.3231704586620565,8.251237808979662,1.8186082711081903,-0.41802845409236367,147,13,3,0.9721859272164151,accuracy,"[0.9618055555555556,0.96875,0.9826388888888888,0.9581881533101045,0.9895470383275261]",0.012051290161014408,0.9721165845648605,0.9719370528856738,true,ok,,0.9721859272164151,0.975660569105691,0.975660569105691,0.0,2026-09-25T09:07:57.449Z
20260925-083324_default,digits,pso,fold_2,2,2,55,5,5,149.04725937456573,14.987867718091037,4.939443559115096,-8.888255387900617,3.6,-0.48629498072787725,149,15,5,0.9687161246612466,accuracy,"[0.9548611111111112,0.96875,0.96875,0.9651567944250871,0.9860627177700348]",0.010055215758634793,0.9685451559934318,0.9684803406835518,false,ok,,0.9708042973286876,0.975660569105691,0.975660569105691,0.9333072999725118,2026-09-25T09:07:57.449Z
20260925-083324_default,digits,pso,fold_2,2,2,56,5,6,181.41545053512522,9.510897511432042,2.5428203414682597,-4.830331790908357,-2.949501245192043,-0.8089295886510447,181,10,3,0.9721883468834689,accuracy,"[0.9652777777777778,0.96875,0.9756944444444444,0.9616724738675958,0.9895470383275261]",0.009836449244505094,0.9720935960591133,0.9720255685289448,false,ok,,0.9721883468834689,0.975660569105691,0.975660569105691,1.114394300035201,2026-09-25T09:07:57.449Z
20260925-083324_default,digits,pso,fold_2,2,2,57,5,7,151.99725932780458,15.83495872161444,3.216825027175278,-9.04965102853343,1.4745378653380268,-0.9454805153072947,152,16,3,0.9714890631049169,accuracy,"[0.9618055555555556,0.96875,0.9826388888888888,0.9547038327526133,0.9895470383275261]",0.012910660922543378,0.9714269293924465,0.9711739556268937,false,ok,,0.9721931862175763,0.975660569105691,0.975660569105691,0.9984834999777377,2026-09-25T09:07:57.449Z
20260925-083324_default,digits,pso,fold_2,2,2,58,5,8,164.6656160203621,11.071451646141513,3.0393123411240275,-12.965966208818292,3.6,0.2285557919137337,165,11,3,0.9742716802168021,accuracy,"[0.9618055555555556,0.9756944444444444,0.9826388888888888,0.9581881533101045,0.9930313588850174]",0.012946382387158168,0.9742101806239738,0.9740321868842357,false,ok,,0.9742716802168021,0.975660569105691,0.975660569105691,1.0681896000169218,2026-09-25T09:07:57.449Z
20260925-083324_default,digits,pso,fold_2,2,2,59,5,9,173.55641046784353,8.755125482206669,2.7575549252517266,23.459820971314567,-1.4018860699579188,-0.04987272397590717,174,9,3,0.9714914827719706,accuracy,"[0.9652777777777778,0.9652777777777778,0.9791666666666666,0.9547038327526133,0.9930313588850174]",0.013280965051267512,0.9713793103448275,0.9711722872586008,false,ok,,0.9742692605497483,0.975660569105691,0.975660569105691,1.0834531000000425,2026-09-25T09:07:57.449Z
20260925-083324_default,digits,pso,fold_2,2,2,60,6,0,192.1112304523193,12.24026808663692,3.788238624641141,24.978276411879904,3.6,0.4126127944536525,192,12,4,0.9714939024390243,accuracy,"[0.9583333333333334,0.9722222222222222,0.9756944444444444,0.9616724738675958,0.9895470383275261]",0.011079275758134617,0.9713530377668308,0.9712951795207998,false,ok,,0.9714939024390243,0.975660569105691,0.975660569105691,1.0929451000411063,2026-09-25T09:08:06.358Z
20260925-083324_default,digits,pso,fold_2,2,2,61,6,1,179.08729656392364,11.501427888942585,3.1494985063416996,-10.752874501920594,1.6013333322293053,0.9081299902929485,179,12,3,0.9735723964382501,accuracy,"[0.96875,0.9722222222222222,0.9826388888888888,0.9547038327526133,0.9895470383275261]",0.011987423761828956,0.9735451559934317,0.9732884911475439,false,ok,,0.9735723964382501,0.975660569105691,0.975660569105691,1.1815705000190064,2026-09-25T09:08:06.358Z
20260925-083324_default,digits,pso,fold_2,2,2,62,6,2,157.25216377721367,8.911191909704101,3.8781049256651485,-30.0,-0.7041609837300377,1.6,157,9,4,0.9680144212156406,accuracy,"[0.9618055555555556,0.9583333333333334,0.9791666666666666,0.9616724738675958,0.9790940766550522]",0.009161060143796956,0.9679293924466338,0.9677462452277366,false,ok,,0.9749661246612467,0.975660569105691,0.975660569105691,1.016567800019402,2026-09-25T09:08:06.358Z
20260925-083324_default,digits,pso,fold_2,2,2,63,6,3,179.12003929279868,12.32970916221998,3.342225235175689,6.8289850702663175,1.3266986794122393,0.3598207874396126,179,12,3,0.9735723964382501,accuracy,"[0.96875,0.9722222222222222,0.9826388888888888,0.9547038327526133,0.9895470383275261]",0.011987423761828956,0.9735451559934317,0.9732884911475439,true,ok,,0.975660569105691,0.975660569105691,0.975660569105691,0.0,2026-09-25T09:08:06.358Z
20260925-083324_default,digits,pso,fold_2,2,2,64,6,4,176.7398061703117,14.205546027696116,2.7444129724443953,30.0,0.9816176828311852,-0.5787574862176611,177,14,3,0.9707921989934185,accuracy,"[0.9652777777777778,0.9652777777777778,0.9826388888888888,0.9547038327526133,0.9860627177700348]",0.011774430059851978,0.9706896551724139,0.9704375236644627,false,ok,,0.9721859272164151,0.975660569105691,0.975660569105691,1.1323758999933489,2026-09-25T09:08:06.358Z
20260925-083324_default,digits,pso,fold_2,2,2,65,6,5,171.35232218044638,18.587867718091037,5.960506262084533,22.30506280588065,3.6,1.021062702969437,171,19,6,0.9694057297715833,accuracy,"[0.9583333333333334,0.9652777777777778,0.9791666666666666,0.9581881533101045,0.9860627177700348]",0.011297814925625333,0.9692840722495895,0.9691075475763897,false,ok,,0.9708042973286876,0.975660569105691,0.975660569105691,1.0832966000307351,2026-09-25T09:08:06.358Z
20260925-083324_default,digits,pso,fold_2,2,2,66,6,6,177.17255990037256,8.094960444305919,2.4428532415224913,-4.24289063475266,-1.4159370671261238,-0.09996709994576841,177,8,2,0.9687112853271389,accuracy,"[0.9583333333333334,0.9618055555555556,0.9791666666666666,0.9581881533101045,0.9860627177700348]",0.011631977523079423,0.9686683087027914,0.9684334064663386,false,ok,,0.9721883468834689,0.975660569105691,0.975660569105691,1.0507975000073202,2026-09-25T09:08:06.358Z
20260925-083324_default,digits,pso,fold_2,2,2,67,6,7,127.11373087307783,16.546223442465976,3.2857242546927123,-24.883528454726754,0.7112647208515362,0.06889922751743441,127,17,3,0.9700953348819201,accuracy,"[0.9618055555555556,0.9722222222222222,0.9791666666666666,0.9512195121951219,0.9860627177700348]",0.012383756698080076,0.9699983579638752,0.9698006374954777,false,ok,,0.9721931862175763,0.975660569105691,0.975660569105691,0.7313978999736719,2026-09-25T09:08:06.358Z
20260925-083324_default,digits,pso,fold_2,2,2,68,6,8,165.2643009161082,13.653803680601627,3.1529561011428213,0.5986848957460964,2.582352034460113,0.11364376001879399,165,14,3,0.9707921989934185,accuracy,"[0.9583333333333334,0.9722222222222222,0.9826388888888888,0.9547038327526133,0.9860627177700348]",0.012566913968478333,0.9707126436781609,0.9704570748270512,false,ok,,0.9742716802168021,0.975660569105691,0.975660569105691,0.817075599974487,2026-09-25T09:08:06.358Z
20260925-083324_default,digits,pso,fold_2,2,2,69,6,9,184.77691533075065,10.718493382529294,3.053978722725116,11.220504862907122,1.9633679003226256,0.29642379747338954,185,11,3,0.9721907665505226,accuracy,"[0.9618055555555556,0.9652777777777778,0.9791666666666666,0.9616724738675958,0.9930313588850174]",0.01224148662074024,0.9720443349753694,0.9719502483512346,false,ok,,0.9742692605497483,0.975660569105691,0.975660569105691,0.7905168000143021,2026-09-25T09:08:06.358Z
20260925-083324_default,digits,pso,fold_2,2,2,70,7,0,180.75816071808666,14.798531280719715,3.5791836341714127,-11.353069734232633,2.558263194082794,-0.2090549904697282,181,15,4,0.9701001742160278,accuracy,"[0.9618055555555556,0.96875,0.9756944444444444,0.9581881533101045,0.9860627177700348]",0.0099861761180299,0.9699983579638751,0.9698044436131832,false,ok,,0.9714939024390243,0.975660569105691,0.975660569105691,0.6760061000240967,2026-09-25T09:08:15.849Z
20260925-083324_default,digits,pso,fold_2,2,2,71,7,1,164.04528440775408,12.124448339566927,3.742273556073242,-15.042012156169566,0.6230204506243416,0.5927750497315425,164,12,4,0.9707970383275262,accuracy,"[0.9583333333333334,0.96875,0.9791666666666666,0.9616724738675958,0.9860627177700348]",0.010448766741169287,0.970688013136289,0.970646700291051,false,ok,,0.9735723964382501,0.975660569105691,0.975660569105691,0.8388122000033036,2026-09-25T09:08:15.849Z
20260925-083324_default,digits,pso,fold_2,2,2,72,7,2,156.72066861732685,11.568548758758661,4.111635981242047,-0.5314951598868234,2.65735684905456,0.23353105557689857,157,12,4,0.9707970383275262,accuracy,"[0.9618055555555556,0.9652777777777778,0.9791666666666666,0.9616724738675958,0.9860627177700348]",0.009976555752511508,0.9707126436781609,0.9706879633232397,false,ok,,0.9749661246612467,0.975660569105691,0.975660569105691,1.0366806999663822,2026-09-25T09:08:15.849Z
20260925-083324_default,digits,pso,fold_2,2,2,73,7,3,176.15535785062025,12.035892834876721,2.790312983075256,-2.9646814421784202,-0.29381632734325946,-0.5519122521004333,176,12,3,0.9735723964382501,accuracy,"[0.96875,0.9722222222222222,0.9826388888888888,0.9547038327526133,0.9895470383275261]",0.011987423761828956,0.9735451559934317,0.9732884911475439,false,ok,,0.975660569105691,0.975660569105691,0.975660569105691,1.0896854000166059,2026-09-25T09:08:15.849Z
20260925-083324_default,digits,pso,fold_2,2,2,74,7,4,168.61470599976133,13.289387716461253,2.6737035905118285,-8.125100170550374,-0.9161583112348628,-0.07070938193256676,169,13,3,0.9700977545489741,accuracy,"[0.9618055555555556,0.96875,0.9791666666666666,0.9547038327526133,0.9860627177700348]",0.011354955327005537,0.9699983579638752,0.969744840492743,false,ok,,0.9721859272164151,0.975660569105691,0.975660569105691,1.0919608999975026,2026-09-25T09:08:15.849Z
20260925-083324_default,digits,pso,fold_2,2,2,75,7,5,158.42741204540673,14.987867718091037,7.560506262084534,-12.924910135039642,-3.6,1.6,158,15,8,0.9666279519938057,accuracy,"[0.9548611111111112,0.9513888888888888,0.9826388888888888,0.9547038327526133,0.9895470383275261]",0.016090412219600402,0.9665747126436781,0.9663544865621706,false,ok,,0.9708042973286876,0.975660569105691,0.975660569105691,0.913978099997621,2026-09-25T09:08:15.849Z
20260925-083324_default,digits,pso,fold_2,2,2,76,7,6,174.01303409005834,11.442860391924249,2.4094049604129384,-3.1595258103142347,3.3478999476183295,-0.033448281109552794,174,11,2,0.9714939024390243,accuracy,"[0.9652777777777778,0.9618055555555556,0.9791666666666666,0.9616724738675958,0.9895470383275261]",0.011079275758134617,0.9714515599343185,0.9712844382108925,false,ok,,0.9721883468834689,0.975660569105691,0.975660569105691,1.107345999975223,2026-09-25T09:08:15.849Z
20260925-083324_default,digits,pso,fold_2,2,2,77,7,7,114.48676097115595,12.946223442465977,3.3558959735896448,-12.626969901921884,-3.6,0.07017171889693219,114,13,3,0.9673175571041425,accuracy,"[0.9583333333333334,0.9652777777777778,0.9756944444444444,0.9547038327526133,0.9825783972125436]",0.010459909185140106,0.9671658456486043,0.9670682348329633,false,ok,,0.9721931862175763,0.975660569105691,0.975660569105691,0.7229864000109956,2026-09-25T09:08:15.849Z
20260925-083324_default,digits,pso,fold_2,2,2,78,7,8,167.19124367819475,11.41325545022251,3.055283278078708,1.9269427620865403,-2.2405482303791167,-0.09767282306411355,167,11,3,0.9742716802168021,accuracy,"[0.9618055555555556,0.9756944444444444,0.9826388888888888,0.9581881533101045,0.9930313588850174]",0.012946382387158168,0.9742101806239738,0.9740321868842357,false,ok,,0.9742716802168021,0.975660569105691,0.975660569105691,1.0405967999831773,2026-09-25T09:08:15.849Z
20260925-083324_default,digits,pso,fold_2,2,2,79,7,9,154.77691533075065,12.458960759650243,3.560432183462931,-30.0,1.7404673771209478,0.5064534607378149,155,12,4,0.9714914827719706,accuracy,"[0.9583333333333334,0.9722222222222222,0.9791666666666666,0.9616724738675958,0.9860627177700348]",0.01040493296320614,0.9713776683087028,0.9713252610998528,false,ok,,0.9742692605497483,0.975660569105691,0.975660569105691,0.9657848000060767,2026-09-25T09:08:15.849Z
20260925-083324_default,digits,pso,fold_2,2,2,80,8,0,185.67794666095557,11.738945928022964,2.905517258635,4.919785942868925,-3.0595853526967502,-0.6736663755364125,186,12,3,0.9721835075493612,accuracy,"[0.9652777777777778,0.96875,0.9826388888888888,0.9547038327526133,0.9895470383275261]",0.012456518846041547,0.9721412151067323,0.9718871624407797,true,ok,,0.9721835075493612,0.975660569105691,0.975660569105691,0.0,2026-09-25T09:08:23.881Z
20260925-083324_default,digits,pso,fold_2,2,2,81,8,1,168.45305836496007,11.463173053914208,3.477222264009816,4.407773957205999,-0.6612752856527189,-0.265051292063426,168,11,3,0.9749661246612467,accuracy,"[0.9652777777777778,0.9756944444444444,0.9826388888888888,0.9616724738675958,0.9895470383275261]",0.010417197518536668,0.9748768472906404,0.9747519228901107,true,ok,,0.9749661246612467,0.975660569105691,0.975660569105691,0.0,2026-09-25T09:08:23.882Z
20260925-083324_default,digits,pso,fold_2,2,2,82,8,2,177.829407356408,12.256823613381426,3.5626872656580097,21.108738739081172,0.688274854622765,-0.5489487155840378,178,12,4,0.9721883468834689,accuracy,"[0.9583333333333334,0.9722222222222222,0.9791666666666666,0.9616724738675958,0.9895470383275261]",0.011424248324905552,0.9720673234811166,0.9720151213436828,false,ok,,0.9749661246612467,0.975660569105691,0.975660569105691,1.0925879999995232,2026-09-25T09:08:23.882Z
20260925-083324_default,digits,pso,fold_2,2,2,83,8,3,168.71546623384066,10.331875882912188,2.7966208550416702,-7.439891616779582,-1.7040169519645332,0.006307871966414025,169,10,3,0.9707970383275262,accuracy,"[0.9618055555555556,0.96875,0.9756944444444444,0.9581881533101045,0.9895470383275261]",0.01113165033954616,0.9707372742200328,0.9706082729455983,false,ok,,0.975660569105691,0.975660569105691,0.975660569105691,1.0533273000037298,2026-09-25T09:08:23.882Z
20260925-083324_default,digits,pso,fold_2,2,2,84,8,4,165.99719993756023,12.448398772043788,3.5803481962983645,-2.6175060622010937,-0.8409889444174645,0.9066446057865362,166,12,4,0.9707970383275262,accuracy,"[0.9583333333333334,0.96875,0.9791666666666666,0.9616724738675958,0.9860627177700348]",0.010448766741169287,0.970688013136289,0.970646700291051,false,ok,,0.9721859272164151,0.975660569105691,0.975660569105691,1.0571344000054523,2026-09-25T09:08:23.882Z
20260925-083324_default,digits,pso,fold_2,2,2,85,8,5,145.73718489331299,11.387867718091037,5.960506262084534,-12.69022715209375,-3.6,-1.6,146,11,6,0.9694033101045296,accuracy,"[0.96875,0.9618055555555556,0.9756944444444444,0.9581881533101045,0.9825783972125436]",0.008911719495016507,0.9693333333333334,0.9692007319686914,false,ok,,0.9708042973286876,0.975660569105691,0.975660569105691,0.8940754000213929,2026-09-25T09:08:23.882Z
20260925-083324_default,digits,pso,fold_2,2,2,86,8,6,173.922695406142,12.947637035736534,3.108398389253594,-0.09033868391635225,1.5047766438122856,0.6989934288406556,174,13,3,0.9721835075493612,accuracy,"[0.9618055555555556,0.9722222222222222,0.9826388888888888,0.9581881533101045,0.9860627177700348]",0.011004733545147768,0.9720919540229886,0.9719102798801563,false,ok,,0.9721883468834689,0.975660569105691,0.975660569105691,1.0110439999843948,2026-09-25T09:08:23.882Z
20260925-083324_default,digits,pso,fold_2,2,2,87,8,7,144.48676097115595,9.346223442465977,4.955895973589644,30.0,-3.6,1.6,144,9,5,0.969410569105691,accuracy,"[0.9513888888888888,0.9652777777777778,0.9791666666666666,0.9651567944250871,0.9860627177700348]",0.012103148481191027,0.9693333333333334,0.9692109002309592,false,ok,,0.9721931862175763,0.975660569105691,0.975660569105691,0.8954334000009112,2026-09-25T09:08:23.882Z
20260925-083324_default,digits,pso,fold_2,2,2,88,8,8,170.56499403885394,9.443913916582023,2.9378003953884377,3.373750360659189,-1.9693415336404865,-0.11748288269027027,171,9,3,0.9707970383275262,accuracy,"[0.9618055555555556,0.9652777777777778,0.9791666666666666,0.9581881533101045,0.9895470383275261]",0.011763555239574073,0.9707142857142858,0.9704602118588813,false,ok,,0.9742716802168021,0.975660569105691,0.975660569105691,1.075321400014218,2026-09-25T09:08:23.882Z
20260925-083324_default,digits,pso,fold_2,2,2,89,8,9,151.68555459477147,11.810305800434662,3.3270438110634077,-3.0913607359791726,-0.648654959215581,-0.23338837239952348,152,12,3,0.9735723964382501,accuracy,"[0.9652777777777778,0.9756944444444444,0.9826388888888888,0.9547038327526133,0.9895470383275261]",0.012383189822257288,0.9735205254515599,0.9733096692791621,false,ok,,0.9742692605497483,0.975660569105691,0.975660569105691,0.9433728000149131,2026-09-25T09:08:23.882Z
20260925-083324_default,digits,pso,fold_2,2,2,90,9,0,175.3807877753618,9.399274846898418,2.52192283839424,-10.297158885593785,-2.3396710811245462,-0.3835944202407604,175,9,3,0.9721883468834689,accuracy,"[0.9652777777777778,0.9652777777777778,0.9791666666666666,0.9581881533101045,0.9930313588850174]",0.012447051434890112,0.9720935960591133,0.9718686949738766,false,ok,,0.9721883468834689,0.975660569105691,0.975660569105691,1.0479625999578275,2026-09-25T09:08:32.956Z
20260925-083324_default,digits,pso,fold_2,2,2,91,9,1,175.98525812603168,10.489591543300634,2.7135206755878034,7.532199761071604,-0.9735815106135746,-0.7637015884220129,176,10,3,0.9714914827719706,accuracy,"[0.9652777777777778,0.96875,0.9756944444444444,0.9581881533101045,0.9895470383275261]",0.010646806146021981,0.9714039408866995,0.9712745499765744,false,ok,,0.9749661246612467,0.975660569105691,0.975660569105691,1.074163600045722,2026-09-25T09:08:32.956Z
20260925-083324_default,digits,pso,fold_2,2,2,92,9,2,176.6091524836556,11.355635531757398,2.0,-1.2202548727524016,-0.9011880816240279,0.0,177,11,2,0.9707994579945799,accuracy,"[0.9652777777777778,0.9583333333333334,0.9791666666666666,0.9616724738675958,0.9895470383275261]",0.011753101761178598,0.9707619047619047,0.9705970657526258,false,ok,,0.9749661246612467,0.975660569105691,0.975660569105691,1.1701914999866858,2026-09-25T09:08:32.956Z
20260925-083324_default,digits,pso,fold_2,2,2,93,9,3,168.18472745841152,9.937410924093122,3.07114145798621,-0.5307387754291416,-0.39446495881906696,0.27452060294454,168,10,3,0.9707970383275262,accuracy,"[0.9618055555555556,0.96875,0.9756944444444444,0.9581881533101045,0.9895470383275261]",0.01113165033954616,0.9707372742200328,0.9706082729455983,false,ok,,0.975660569105691,0.975660569105691,0.975660569105691,1.2068036000127904,2026-09-25T09:08:32.956Z
20260925-083324_default,digits,pso,fold_2,2,2,94,9,4,166.0162300051439,12.68388824008612,3.3547156538158607,0.019030067583698296,0.23548946804233137,-0.22563254248250364,166,13,3,0.9707921989934185,accuracy,"[0.9618055555555556,0.96875,0.9826388888888888,0.9547038327526133,0.9860627177700348]",0.011977467766541613,0.9706880131362888,0.9704181876685727,false,ok,,0.9721859272164151,0.975660569105691,0.975660569105691,1.1318954000016674,2026-09-25T09:08:32.956Z
20260925-083324_default,digits,pso,fold_2,2,2,95,9,5,170.94753256241034,14.84079753077149,4.3605062620845345,25.210347669097352,3.4529298126804515,-1.6,171,15,4,0.9694057297715833,accuracy,"[0.9583333333333334,0.96875,0.9756944444444444,0.9581881533101045,0.9860627177700348]",0.010638281322708573,0.9692840722495895,0.9691035314848202,false,ok,,0.9708042973286876,0.975660569105691,0.975660569105691,1.160524400009308,2026-09-25T09:08:32.956Z
20260925-083324_default,digits,pso,fold_2,2,2,96,9,6,175.7856090930973,12.12508890820567,2.796559363588061,1.8629136869552867,-0.8225481275308639,-0.31183902566553334,176,12,3,0.9735723964382501,accuracy,"[0.96875,0.9722222222222222,0.9826388888888888,0.9547038327526133,0.9895470383275261]",0.011987423761828956,0.9735451559934317,0.9732884911475439,true,ok,,0.9735723964382501,0.975660569105691,0.975660569105691,0.0,2026-09-25T09:08:32.956Z
20260925-083324_default,digits,pso,fold_2,2,2,97,9,7,174.48676097115595,9.80838001263886,6.555895973589644,30.0,0.4621565701728836,1.6,174,10,7,0.9687112853271389,accuracy,"[0.9618055555555556,0.9583333333333334,0.9791666666666666,0.9581881533101045,0.9860627177700348]",0.011631977523079423,0.9686683087027914,0.9684648174445336,false,ok,,0.9721931862175763,0.975660569105691,0.975660569105691,1.1329846999724396,2026-09-25T09:08:32.956Z
20260925-083324_default,digits,pso,fold_2,2,2,98,9,8,170.48927174036896,9.73024493401092,3.0229490394182785,-0.07572229848496326,0.28633101742889555,0.08514864402984068,170,10,3,0.9707970383275262,accuracy,"[0.9618055555555556,0.96875,0.9756944444444444,0.9581881533101045,0.9895470383275261]",0.01113165033954616,0.9707372742200328,0.9706082729455983,false,ok,,0.9742716802168021,0.975660569105691,0.975660569105691,1.1393023999989964,2026-09-25T09:08:32.956Z
20260925-083324_default,digits,pso,fold_2,2,2,99,9,9,165.45030080896856,10.586969238967848,2.8501497024112066,13.764746214197078,-1.2233365614668144,-0.47689410865220094,165,11,3,0.9742716802168021,accuracy,"[0.9618055555555556,0.9756944444444444,0.9826388888888888,0.9581881533101045,0.9930313588850174]",0.012946382387158168,0.9742101806239738,0.9740321868842357,true,ok,,0.9742716802168021,0.975660569105691,0.975660569105691,0.0,2026-09-25T09:08:32.956Z
20260925-083324_default,digits,pso,fold_2,2,2,100,10,0,165.12041818843596,10.043103753187868,2.686004343299354,-10.260369586925833,0.64382890628945,0.1640815049051142,165,10,3,0.9714914827719706,accuracy,"[0.9618055555555556,0.9722222222222222,0.9756944444444444,0.9581881533101045,0.9895470383275261]",0.011090515895997192,0.9714269293924467,0.9712972909318263,false,ok,,0.9721883468834689,0.975660569105691,0.975660569105691,1.0166831000242382,2026-09-25T09:08:43.554Z
20260925-083324_default,digits,pso,fold_2,2,2,101,10,1,170.7942779299137,10.933626123728336,2.4906772517184113,-5.190980196117982,0.4440345804277023,-0.2228434238693921,171,11,2,0.9714939024390243,accuracy,"[0.9652777777777778,0.9618055555555556,0.9791666666666666,0.9616724738675958,0.9895470383275261]",0.011079275758134617,0.9714515599343185,0.9712844382108925,false,ok,,0.9749661246612467,0.975660569105691,0.975660569105691,1.1644191999803297,2026-09-25T09:08:43.554Z
20260925-083324_default,digits,pso,fold_2,2,2,102,10,2,162.19271522952124,9.575902191736592,3.6,-14.416437254134358,-1.7797333400208055,1.6,162,10,4,0.9728803716608596,accuracy,"[0.9618055555555556,0.96875,0.9861111111111112,0.9581881533101045,0.9895470383275261]",0.01271536901601847,0.9728062397372742,0.9726907922295247,false,ok,,0.9749661246612467,0.975660569105691,0.975660569105691,1.093328399991151,2026-09-25T09:08:43.554Z
20260925-083324_default,digits,pso,fold_2,2,2,103,10,3,175.4907358115873,11.439345529875377,3.0694490864237856,7.306008353175799,1.5019346057822553,-0.001692371562424494,175,11,3,0.9742716802168022,accuracy,"[0.9652777777777778,0.9722222222222222,0.9826388888888888,0.9616724738675958,0.9895470383275261]",0.010461140532056918,0.9741871921182266,0.9740527558858807,false,ok,,0.975660569105691,0.975660569105691,0.975660569105691,1.1496140999952331,2026-09-25T09:08:43.555Z
20260925-083324_default,digits,pso,fold_2,2,2,104,10,4,149.64595613429665,12.50243798001722,2.999682176231034,-16.370273870847257,-0.18145026006889975,-0.3550334775848266,150,13,3,0.9728827913279133,accuracy,"[0.9618055555555556,0.96875,0.9826388888888888,0.9581881533101045,0.9930313588850174]",0.013090941274128205,0.9728062397372742,0.9726385794293055,false,ok,,0.9728827913279133,0.975660569105691,0.975660569105691,0.9827543999999762,2026-09-25T09:08:43.555Z
20260925-083324_default,digits,pso,fold_2,2,2,105,10,5,160.10087553238108,18.44079753077149,5.744814930432566,-10.84665703002925,3.6,1.384308668348032,160,18,6,0.9707970383275262,accuracy,"[0.9618055555555556,0.9652777777777778,0.9791666666666666,0.9581881533101045,0.9895470383275261]",0.011763555239574073,0.9707126436781609,0.9705817003440306,false,ok,,0.9708042973286876,0.975660569105691,0.975660569105691,1.0276625999831595,2026-09-25T09:08:43.555Z
20260925-083324_default,digits,pso,fold_2,2,2,106,10,6,174.31904587276685,10.381744189023083,2.7534706156230673,-1.4665632203304466,-1.7433447191825877,-0.04308874796499354,174,10,3,0.9714914827719706,accuracy,"[0.9652777777777778,0.96875,0.9756944444444444,0.9581881533101045,0.9895470383275261]",0.010646806146021981,0.9714039408866995,0.9712745499765744,false,ok,,0.9735723964382501,0.975660569105691,0.975660569105691,0.9492582000093535,2026-09-25T09:08:43.555Z
20260925-083324_default,digits,pso,fold_2,2,2,107,10,7,156.93429713848334,13.40838001263886,4.955895973589644,-17.55246383267261,3.6,-1.6,157,13,5,0.9687161246612466,accuracy,"[0.9548611111111112,0.96875,0.96875,0.9651567944250871,0.9860627177700348]",0.010055215758634793,0.9685697865353038,0.968451557549075,false,ok,,0.9721931862175763,0.975660569105691,0.975660569105691,1.0179013999877498,2026-09-25T09:08:43.555Z
20260925-083324_default,digits,pso,fold_2,2,2,108,10,8,163.46345891293691,12.752173958584919,3.075172312300587,-7.025812827432062,3.021929024573999,0.05222327288230822,163,13,3,0.9721859272164151,accuracy,"[0.9618055555555556,0.96875,0.9826388888888888,0.9581881533101045,0.9895470383275261]",0.012051290161014408,0.9720919540229884,0.9719226970727698,false,ok,,0.9742716802168021,0.975660569105691,0.975660569105691,1.046147099987138,2026-09-25T09:08:43.555Z
20260925-083324_default,digits,pso,fold_2,2,2,109,10,9,178.6644304478707,9.92774331300894,2.5534008719583547,13.214129638902126,-0.6592259259589094,-0.29674883045285166,179,10,3,0.9721883468834689,accuracy,"[0.9652777777777778,0.96875,0.9756944444444444,0.9616724738675958,0.9895470383275261]",0.009836449244505094,0.9720935960591133,0.9720255685289448,false,ok,,0.9742716802168021,0.975660569105691,0.975660569105691,1.1405020999955013,2026-09-25T09:08:43.555Z
20260925-083324_default,digits,pso,fold_2,2,2,110,11,0,177.88256133647917,10.402124500872155,2.8944657315626237,12.762143148043195,0.35902074768428655,0.20846138826326993,178,10,3,0.9721883468834689,accuracy,"[0.9652777777777778,0.96875,0.9756944444444444,0.9616724738675958,0.9895470383275261]",0.009836449244505094,0.9720935960591133,0.9720255685289448,false,ok,,0.9721883468834689,0.975660569105691,0.975660569105691,1.0897776000201702,2026-09-25T09:08:52.748Z
20260925-083324_default,digits,pso,fold_2,2,2,111,11,1,167.10600698858013,11.388234227074031,3.3649055345571472,-3.6882709413335713,0.45460810334569546,0.874228282838736,167,11,3,0.9742716802168021,accuracy,"[0.9618055555555556,0.9756944444444444,0.9826388888888888,0.9581881533101045,0.9930313588850174]",0.012946382387158168,0.9742101806239738,0.9740321868842357,true,ok,,0.9749661246612467,0.975660569105691,0.975660569105691,0.0,2026-09-25T09:08:52.748Z
20260925-083324_default,digits,pso,fold_2,2,2,112,11,2,165.17721600099836,10.945207178119997,3.7466553971643277,2.984500771477115,1.3693049863834044,0.14665539716432752,165,11,4,0.9680168408826946,accuracy,"[0.9513888888888888,0.9652777777777778,0.9791666666666666,0.9547038327526133,0.9895470383275261]",0.014485133459509398,0.9678801313628899,0.9677095413252479,false,ok,,0.9749661246612467,0.975660569105691,0.975660569105691,1.0366324000060558,2026-09-25T09:08:52.748Z
20260925-083324_default,digits,pso,fold_2,2,2,113,11,3,176.86229091573898,11.991631522225353,3.0222243498135324,1.3715551041516547,0.5522859923499767,-0.04722473661025325,177,12,3,0.9728779519938057,accuracy,"[0.9652777777777778,0.9722222222222222,0.9826388888888888,0.9547038327526133,0.9895470383275261]",0.012342006061505695,0.972830870279146,0.9725675108527932,false,ok,,0.975660569105691,0.975660569105691,0.975660569105691,1.1618898999877274,2026-09-25T09:08:52.748Z
20260925-083324_default,digits,pso,fold_2,2,2,114,11,4,138.1595169307995,12.15979856235928,2.717888319671183,-11.486439203497156,-0.34263941765794115,-0.2817938565598511,138,12,3,0.9721835075493612,accuracy,"[0.9618055555555556,0.9756944444444444,0.9791666666666666,0.9547038327526133,0.9895470383275261]",0.012456518846041547,0.9720919540229884,0.9718958613226002,false,ok,,0.9728827913279133,0.975660569105691,0.975660569105691,0.9211274000117555,2026-09-25T09:08:52.748Z
20260925-083324_default,digits,pso,fold_2,2,2,115,11,5,138.23402318764477,15.365456673737853,5.342495010431746,-21.866852344736323,-3.0753408570336385,-0.40231992000082095,138,15,5,0.9680168408826946,accuracy,"[0.9548611111111112,0.9722222222222222,0.96875,0.9581881533101045,0.9860627177700348]",0.011077479427719007,0.9678308702791462,0.9677242620508851,false,ok,,0.9708042973286876,0.975660569105691,0.975660569105691,0.9169488999759778,2026-09-25T09:08:52.748Z
20260925-083324_default,digits,pso,fold_2,2,2,116,11,6,171.79692481517563,11.815003492034233,2.806587483535185,-2.522121057591211,1.43325930301115,0.05311686791211792,172,12,3,0.9735723964382501,accuracy,"[0.96875,0.9722222222222222,0.9826388888888888,0.9547038327526133,0.9895470383275261]",0.011987423761828956,0.9735451559934317,0.9732884911475439,false,ok,,0.9735723964382501,0.975660569105691,0.975660569105691,1.1067665999871679,2026-09-25T09:08:52.748Z
20260925-083324_default,digits,pso,fold_2,2,2,117,11,7,139.5536331531855,16.68791458741237,5.143544998958917,-17.380663985297836,3.27953457477351,0.18764902536927208,140,17,5,0.969410569105691,accuracy,"[0.9548611111111112,0.9722222222222222,0.96875,0.9651567944250871,0.9860627177700348]",0.010153000806657035,0.9692348111658458,0.9691711114977346,false,ok,,0.9721931862175763,0.975660569105691,0.975660569105691,0.886884999985341,2026-09-25T09:08:52.748Z
20260925-083324_default,digits,pso,fold_2,2,2,118,11,8,161.83337895243474,13.127123207064093,2.998497796695408,-1.6300799605021754,0.37494924847917344,-0.07667451560517916,162,13,3,0.9707921989934185,accuracy,"[0.9618055555555556,0.96875,0.9826388888888888,0.9547038327526133,0.9860627177700348]",0.011977467766541613,0.9706880131362888,0.9704181876685727,false,ok,,0.9742716802168021,0.975660569105691,0.975660569105691,1.034921000013128,2026-09-25T09:08:52.748Z
20260925-083324_default,digits,pso,fold_2,2,2,119,11,9,172.45983815995746,10.085408216376464,3.0477713241703923,-6.204592287913234,0.15766490336752592,0.49437045221203757,172,10,3,0.9701025938830817,accuracy,"[0.9618055555555556,0.9652777777777778,0.9756944444444444,0.9581881533101045,0.9895470383275261]",0.01134397463042949,0.9700476190476189,0.9699180025589362,false,ok,,0.9742716802168021,0.975660569105691,0.975660569105691,1.0304385999916121,2026-09-25T09:08:52.748Z
20260925-083324_default,digits,pso,fold_2,2,2,120,12,0,181.1893429019557,9.336135272789967,2.8994039793751325,3.306781565476536,-1.0659892280821877,0.0049382478125088655,181,9,3,0.9714914827719706,accuracy,"[0.9652777777777778,0.9652777777777778,0.9791666666666666,0.9581881533101045,0.9895470383275261]",0.01130584245881588,0.9714039408866995,0.9711721033470411,false,ok,,0.9721883468834689,0.975660569105691,0.975660569105691,1.1586655999999493,2026-09-25T09:09:01.461Z
20260925-083324_default,digits,pso,fold_2,2,2,121,12,1,168.89541154001296,11.622529774071035,3.6613565283116905,1.7894045514328374,0.2342955469970036,0.2964509937545431,169,12,4,0.9707970383275262,accuracy,"[0.9583333333333334,0.96875,0.9791666666666666,0.9616724738675958,0.9860627177700348]",0.010448766741169287,0.970688013136289,0.9706322702766211,false,ok,,0.9749661246612467,0.975660569105691,0.975660569105691,1.0805883000139147,2026-09-25T09:09:01.461Z
20260925-083324_default,digits,pso,fold_2,2,2,122,12,2,172.93647917488187,11.410613214770079,2.223040870058664,7.759263173883517,0.465406036650081,-1.5236145271056638,173,11,2,0.9707994579945799,accuracy,"[0.9652777777777778,0.9618055555555556,0.9756944444444444,0.9616724738675958,0.9895470383275261]",0.010678143410145415,0.9707372742200329,0.9705724709328873,false,ok,,0.9749661246612467,0.975660569105691,0.975660569105691,1.2157612000009976,2026-09-25T09:09:01.461Z
20260925-083324_default,digits,pso,fold_2,2,2,123,12,3,169.39072227120246,11.466891634422502,2.8897531794723714,-7.471568644536506,-0.524739887802851,-0.13247117034116093,169,11,3,0.9749661246612467,accuracy,"[0.9652777777777778,0.9756944444444444,0.9826388888888888,0.9616724738675958,0.9895470383275261]",0.010417197518536668,0.9748768472906404,0.9747412606412682,false,ok,,0.975660569105691,0.975660569105691,0.975660569105691,1.1373243000125512,2026-09-25T09:09:01.461Z
20260925-083324_default,digits,pso,fold_2,2,2,124,12,4,168.1595169307995,10.631069259377576,3.039930943970395,30.0,-1.528729302981703,0.32204262429921204,168,11,3,0.9749661246612467,accuracy,"[0.9652777777777778,0.9756944444444444,0.9826388888888888,0.9616724738675958,0.9895470383275261]",0.010417197518536668,0.9748768472906404,0.9747519228901107,true,ok,,0.9749661246612467,0.975660569105691,0.975660569105691,0.0,2026-09-25T09:09:01.461Z
20260925-083324_default,digits,pso,fold_2,2,2,125,12,5,146.15433606474443,11.765456673737853,3.9483553551042556,7.92031287709967,-3.6,-1.39413965532749,146,12,4,0.972185927216415,accuracy,"[0.9618055555555556,0.9722222222222222,0.9791666666666666,0.9616724738675958,0.9860627177700348]",0.00958730591776595,0.9720919540229884,0.9720551524825789,false,ok,,0.972185927216415,0.975660569105691,0.975660569105691,0.981333999952767,2026-09-25T09:09:01.461Z
20260925-083324_default,digits,pso,fold_2,2,2,126,12,6,174.33347639246645,12.457187824383716,2.8834593280294647,2.536551577290824,0.6421843323494825,0.07687184449427947,174,12,3,0.9735723964382501,accuracy,"[0.96875,0.9722222222222222,0.9826388888888888,0.9547038327526133,0.9895470383275261]",0.011987423761828956,0.9735451559934317,0.9732884911475439,false,ok,,0.9735723964382501,0.975660569105691,0.975660569105691,1.1665313999983482,2026-09-25T09:09:01.461Z
20260925-083324_default,digits,pso,fold_2,2,2,127,12,7,126.89446438694088,14.592181874727995,5.5912040454313345,-12.659168766244612,-2.0957327126843746,0.44765904647241817,127,15,6,0.9687064459930314,accuracy,"[0.9618055555555556,0.9652777777777778,0.9791666666666666,0.9547038327526133,0.9825783972125436]",0.010557447412123253,0.9686190476190475,0.9683928088011662,false,ok,,0.9721931862175763,0.975660569105691,0.975660569105691,0.825654799991753,2026-09-25T09:09:01.461Z
20260925-083324_default,digits,pso,fold_2,2,2,128,12,8,174.40178840573938,10.965093608102757,2.9691547133228555,12.568409453304652,-2.162029598961336,-0.029343083372552377,174,11,3,0.9742716802168022,accuracy,"[0.9652777777777778,0.9722222222222222,0.9826388888888888,0.9616724738675958,0.9895470383275261]",0.010461140532056918,0.9741871921182266,0.9740527558858807,false,ok,,0.9742716802168022,0.975660569105691,0.975660569105691,1.1360764999990351,2026-09-25T09:09:01.461Z
20260925-083324_default,digits,pso,fold_2,2,2,129,12,9,166.7386300756891,10.758072108033753,3.2558255283008526,-5.721208084268367,0.6726638916572889,0.2080542041304605,167,11,3,0.9742716802168021,accuracy,"[0.9618055555555556,0.9756944444444444,0.9826388888888888,0.9581881533101045,0.9930313588850174]",0.012946382387158168,0.9742101806239738,0.9740321868842357,true,ok,,0.9742716802168021,0.975660569105691,0.975660569105691,0.0,2026-09-25T09:09:01.461Z
20260925-083324_default,digits,pso,fold_2,2,2,130,13,0,165.03248066881397,10.381558070992334,2.8835379879930136,-16.156862233141737,1.045422798202366,-0.015865991382118708,165,10,3,0.9714914827719706,accuracy,"[0.9618055555555556,0.9722222222222222,0.9756944444444444,0.9581881533101045,0.9895470383275261]",0.011090515895997192,0.9714269293924467,0.9712972909318263,true,ok,,0.9721883468834689,0.975660569105691,0.975660569105691,0.0,2026-09-25T09:09:09.382Z
20260925-083324_default,digits,pso,fold_2,2,2,131,13,1,170.497949102676,11.248670130088634,2.961360899342766,1.6025375626630303,-0.37385964398240057,-0.6999956289689244,170,11,3,0.9749661246612467,accuracy,"[0.9652777777777778,0.9756944444444444,0.9826388888888888,0.9616724738675958,0.9895470383275261]",0.010417197518536668,0.9748768472906404,0.9747412606412682,false,ok,,0.9749661246612467,0.975660569105691,0.975660569105691,1.120165000029374,2026-09-25T09:09:09.382Z
20260925-083324_default,digits,pso,fold_2,2,2,132,13,2,173.1471001949454,10.446864434650347,2.191144493353005,0.21062102006353234,-0.963748780119731,-0.03189637670565881,173,10,2,0.9687112853271389,accuracy,"[0.9618055555555556,0.9583333333333334,0.9791666666666666,0.9581881533101045,0.9860627177700348]",0.011631977523079423,0.9686436781609193,0.9684281121492093,false,ok,,0.9749661246612467,0.975660569105691,0.975660569105691,1.141688100004103,2026-09-25T09:09:09.382Z
20260925-083324_default,digits,pso,fold_2,2,2,133,13,3,170.28814492130707,10.230249528485512,2.8961386944901966,0.897422650104605,-1.2366421059369903,0.006385515017825,170,10,3,0.9707970383275262,accuracy,"[0.9618055555555556,0.96875,0.9756944444444444,0.9581881533101045,0.9895470383275261]",0.01113165033954616,0.9707372742200328,0.9706082729455983,true,ok,,0.975660569105691,0.975660569105691,0.975660569105691,0.0,2026-09-25T09:09:09.382Z
20260925-083324_default,digits,pso,fold_2,2,2,134,13,4,195.08327061455483,9.811608859456065,3.2010826375305297,26.923753683755347,-0.8194603999215095,0.1611516935601343,195,10,3,0.9707994579945799,accuracy,"[0.9618055555555556,0.96875,0.9722222222222222,0.9616724738675958,0.9895470383275261]",0.010216539774269808,0.9707126436781609,0.9706405352120158,false,ok,,0.9749661246612467,0.975660569105691,0.975660569105691,1.2994092999724671,2026-09-25T09:09:09.382Z
20260925-083324_default,digits,pso,fold_2,2,2,135,13,5,176.15433606474443,8.165456673737854,2.3483553551042555,30.0,-3.6,-1.6,176,8,2,0.9687112853271389,accuracy,"[0.9583333333333334,0.9618055555555556,0.9791666666666666,0.9581881533101045,0.9860627177700348]",0.011631977523079423,0.9686683087027914,0.9684334064663386,false,ok,,0.972185927216415,0.975660569105691,0.975660569105691,1.0163919000187889,2026-09-25T09:09:09.382Z
20260925-083324_default,digits,pso,fold_2,2,2,136,13,6,176.9227423957805,12.56994327347299,2.8761336633873054,2.5892660033140387,0.11275544908927382,-0.00732566464215929,177,13,3,0.9714914827719706,accuracy,"[0.9618055555555556,0.96875,0.9791666666666666,0.9581881533101045,0.9895470383275261]",0.011517143941436235,0.9713776683087028,0.9712202827297022,false,ok,,0.9735723964382501,0.975660569105691,0.975660569105691,1.1295035000075586,2026-09-25T09:09:09.382Z
20260925-083324_default,digits,pso,fold_2,2,2,137,13,7,153.93817497172725,11.764258656424051,6.623589259864632,27.043710584786368,-2.827923218303943,1.032385214433298,154,12,7,0.9701025938830817,accuracy,"[0.9583333333333334,0.9583333333333334,0.9861111111111112,0.9581881533101045,0.9895470383275261]",0.014514433681931446,0.9700968801313629,0.9699229186696054,false,ok,,0.9721931862175763,0.975660569105691,0.975660569105691,1.0377244999981485,2026-09-25T09:09:09.382Z
20260925-083324_default,digits,pso,fold_2,2,2,138,13,8,180.64732378921016,9.411629782171161,2.9516803618062197,6.245535383470777,-1.5534638259315956,-0.01747435151663557,181,9,3,0.9714914827719706,accuracy,"[0.9652777777777778,0.9652777777777778,0.9791666666666666,0.9581881533101045,0.9895470383275261]",0.01130584245881588,0.9714039408866995,0.9711721033470411,true,ok,,0.9742716802168022,0.975660569105691,0.975660569105691,0.0,2026-09-25T09:09:09.382Z
20260925-083324_default,digits,pso,fold_2,2,2,139,13,9,166.28313016469383,11.412516246062731,2.894806093019714,-0.4554999109952629,0.6544441380289787,-0.3610194352811384,166,11,3,0.9742716802168021,accuracy,"[0.9618055555555556,0.9756944444444444,0.9826388888888888,0.9581881533101045,0.9930313588850174]",0.012946382387158168,0.9742101806239738,0.9740321868842357,false,ok,,0.9742716802168021,0.975660569105691,0.975660569105691,1.1647717999876477,2026-09-25T09:09:09.382Z
20260925-083324_default,digits,pso,fold_2,2,2,140,14,0,173.22872790352076,11.312252137861641,2.572536444892806,8.196247234706787,0.930694066869308,-0.31100154310020744,173,11,3,0.975660569105691,accuracy,"[0.96875,0.9756944444444444,0.9826388888888888,0.9616724738675958,0.9895470383275261]",0.00984839982676041,0.9755665024630542,0.9754451779980202,false,ok,,0.975660569105691,0.975660569105691,0.975660569105691,1.1430008999886923,2026-09-25T09:09:14.899Z
20260925-083324_default,digits,pso,fold_2,2,2,141,14,1,171.6764659983265,10.939405325983714,2.8115463831404743,1.1785168956505052,-0.3092648041049194,-0.14981451620229186,172,11,3,0.975660569105691,accuracy,"[0.96875,0.9756944444444444,0.9826388888888888,0.9616724738675958,0.9895470383275261]",0.00984839982676041,0.9755665024630542,0.9754451779980202,true,ok,,0.975660569105691,0.975660569105691,0.975660569105691,0.0,2026-09-25T09:09:14.899Z
20260925-083324_default,digits,pso,fold_2,2,2,142,14,2,168.86211811517416,9.97085991160435,2.9722423255526333,-4.2849820797712495,-0.47600452304599694,0.7810978321996284,169,10,3,0.9707970383275262,accuracy,"[0.9618055555555556,0.96875,0.9756944444444444,0.9581881533101045,0.9895470383275261]",0.01113165033954616,0.9707372742200328,0.9706082729455983,true,ok,,0.9749661246612467,0.975660569105691,0.975660569105691,0.0,2026-09-25T09:09:14.899Z
20260925-083324_default,digits,pso,fold_2,2,2,143,14,3,173.65056218499606,10.968621147692055,2.9953842160567126,3.3624172636889993,0.7383716192065429,0.09924552156651605,174,11,3,0.9742716802168022,accuracy,"[0.9652777777777778,0.9722222222222222,0.9826388888888888,0.9616724738675958,0.9895470383275261]",0.010461140532056918,0.9741871921182266,0.9740527558858807,true,ok,,0.975660569105691,0.975660569105691,0.975660569105691,0.0,2026-09-25T09:09:14.899Z
20260925-083324_default,digits,pso,fold_2,2,2,144,14,4,172.94647223735004,9.666976313519546,2.801826047371388,-22.136798377204794,-0.14463254593651803,-0.3992565901591418,173,10,3,0.9701025938830817,accuracy,"[0.9618055555555556,0.9652777777777778,0.9756944444444444,0.9581881533101045,0.9895470383275261]",0.01134397463042949,0.9700476190476189,0.9699180025589362,false,ok,,0.9749661246612467,0.975660569105691,0.975660569105691,1.1846250000526197,2026-09-25T09:09:14.899Z
20260925-083324_default,digits,pso,fold_2,2,2,145,14,5,168.4796994026428,10.248097885356193,2.980013830767079,-7.674636662101612,2.08264121161834,0.6316584756628237,168,10,3,0.9707970383275262,accuracy,"[0.9618055555555556,0.96875,0.9756944444444444,0.9581881533101045,0.9895470383275261]",0.01113165033954616,0.9707372742200328,0.9706082729455983,true,ok,,0.972185927216415,0.975660569105691,0.975660569105691,0.0,2026-09-25T09:09:14.899Z
20260925-083324_default,digits,pso,fold_2,2,2,146,14,6,175.95864787751262,11.093001096488802,2.8665726828248888,-0.9640945182678795,-1.4769421769841886,-0.00956098056241645,176,11,3,0.9749661246612467,accuracy,"[0.96875,0.9722222222222222,0.9826388888888888,0.9616724738675958,0.9895470383275261]",0.009943487437102314,0.9748768472906404,0.9747566732426327,false,ok,,0.9749661246612467,0.975660569105691,0.975660569105691,1.1904685000190511,2026-09-25T09:09:14.899Z
20260925-083324_default,digits,pso,fold_2,2,2,147,14,7,178.88519551440066,13.427083738833515,5.023589259864632,24.947020542673414,1.6628250824094635,-1.6,179,13,5,0.9680168408826946,accuracy,"[0.9583333333333334,0.96875,0.96875,0.9581881533101045,0.9860627177700348]",0.01016958342385507,0.9678801313628899,0.9676920157395777,false,ok,,0.9721931862175763,0.975660569105691,0.975660569105691,1.0565536999492906,2026-09-25T09:09:14.899Z
20260925-083324_default,digits,pso,fold_2,2,2,148,14,8,166.69018639865405,11.398824718170705,2.971490015320109,-13.957137390556124,1.9871949359995429,0.019809653513888983,167,11,3,0.9742716802168021,accuracy,"[0.9618055555555556,0.9756944444444444,0.9826388888888888,0.9581881533101045,0.9930313588850174]",0.012946382387158168,0.9742101806239738,0.9740321868842357,true,ok,,0.9742716802168022,0.975660569105691,0.975660569105691,0.0,2026-09-25T09:09:14.899Z
20260925-083324_default,digits,pso,fold_2,2,2,149,14,9,166.9027983491239,10.448335178381063,2.6250358819876998,0.6196681844300738,-0.9641810676816679,-0.2697702110320143,167,10,3,0.9721859272164151,accuracy,"[0.9618055555555556,0.9756944444444444,0.9756944444444444,0.9581881533101045,0.9895470383275261]",0.0112224538799753,0.9721165845648605,0.9719992503892072,false,ok,,0.9742716802168021,0.975660569105691,0.975660569105691,0.9340941999689676,2026-09-25T09:09:14.899Z
20260925-083324_default,digits,pso,fold_2,2,2,150,15,0,178.89199023106596,11.874664301018244,2.5832169128822464,5.663262327545207,0.5624121631566037,0.010680467989440195,179,12,3,0.9735723964382501,accuracy,"[0.96875,0.9722222222222222,0.9826388888888888,0.9547038327526133,0.9895470383275261]",0.011987423761828956,0.9735451559934317,0.9732884911475439,true,ok,,0.975660569105691,0.975660569105691,0.975660569105691,0.0,2026-09-25T09:09:20.150Z
20260925-083324_default,digits,pso,fold_2,2,2,151,15,1,172.82054877651817,10.756829407269667,2.758849012860857,1.144082778191664,-0.18257591871404716,-0.05269737027961725,173,11,3,0.975660569105691,accuracy,"[0.96875,0.9756944444444444,0.9826388888888888,0.9616724738675958,0.9895470383275261]",0.00984839982676041,0.9755665024630542,0.9754451779980202,true,ok,,0.975660569105691,0.975660569105691,0.975660569105691,0.0,2026-09-25T09:09:20.150Z
20260925-083324_default,digits,pso,fold_2,2,2,152,15,2,165.76668657119075,10.55672950488201,3.3278589820149937,-3.095431543983418,0.5858695932776603,0.35561665646236024,166,11,3,0.9742716802168021,accuracy,"[0.9618055555555556,0.9756944444444444,0.9826388888888888,0.9581881533101045,0.9930313588850174]",0.012946382387158168,0.9742101806239738,0.9740321868842357,true,ok,,0.9749661246612467,0.975660569105691,0.975660569105691,0.0,2026-09-25T09:09:20.150Z
20260925-083324_default,digits,pso,fold_2,2,2,153,15,3,175.09665374760326,11.571567899631894,3.0316669557949085,1.4460915626071924,0.6029467519398403,0.03628273973819608,175,12,3,0.9735723964382501,accuracy,"[0.96875,0.9722222222222222,0.9826388888888888,0.9547038327526133,0.9895470383275261]",0.011987423761828956,0.9735451559934317,0.9733235583597006,false,ok,,0.975660569105691,0.975660569105691,0.975660569105691,0.8059753000270575,2026-09-25T09:09:20.150Z
20260925-083324_default,digits,pso,fold_2,2,2,154,15,4,156.3667818068716,11.832167585970264,3.1067971410208157,-16.57969043047844,2.1651912724507185,0.3049710936494278,156,12,3,0.9735723964382501,accuracy,"[0.9652777777777778,0.9756944444444444,0.9826388888888888,0.9547038327526133,0.9895470383275261]",0.012383189822257288,0.9735205254515599,0.973269265238758,false,ok,,0.9749661246612467,0.975660569105691,0.975660569105691,0.7839023999986239,2026-09-25T09:09:20.150Z
20260925-083324_default,digits,pso,fold_2,2,2,155,15,5,138.4796994026428,13.848097885356193,3.754995289896713,-30.0,3.6,0.7749814591296338,138,14,4,0.9680168408826946,accuracy,"[0.9583333333333334,0.96875,0.96875,0.9581881533101045,0.9860627177700348]",0.01016958342385507,0.9678308702791462,0.9677437368285278,false,ok,,0.972185927216415,0.975660569105691,0.975660569105691,0.6029354999773204,2026-09-25T09:09:20.150Z
20260925-083324_default,digits,pso,fold_2,2,2,156,15,6,170.72957301727993,9.976890218585305,2.987378573833413,-5.229074860232689,-1.1161108779034963,0.12080589100852406,171,10,3,0.9701025938830817,accuracy,"[0.9618055555555556,0.9652777777777778,0.9756944444444444,0.9581881533101045,0.9895470383275261]",0.01134397463042949,0.9700476190476189,0.9699180025589362,false,ok,,0.9749661246612467,0.975660569105691,0.975660569105691,0.9727983999764547,2026-09-25T09:09:20.150Z
20260925-083324_default,digits,pso,fold_2,2,2,157,15,7,148.88519551440066,14.189807792295625,4.170708557502545,-30.0,0.7627240534621105,-0.8528807023620872,149,14,4,0.9701025938830817,accuracy,"[0.9618055555555556,0.96875,0.9722222222222222,0.9616724738675958,0.9860627177700348]",0.00895495011130116,0.9699737274220033,0.9699186530512488,false,ok,,0.9721931862175763,0.975660569105691,0.975660569105691,0.9615075000328943,2026-09-25T09:09:20.150Z
20260925-083324_default,digits,pso,fold_2,2,2,158,15,8,171.47063323912266,12.45086030986671,2.9880747755687436,4.780446840468624,1.0520355916960062,0.01658476024863458,171,12,3,0.9735723964382501,accuracy,"[0.96875,0.9722222222222222,0.9826388888888888,0.9547038327526133,0.9895470383275261]",0.011987423761828956,0.9735451559934317,0.9732880590327744,false,ok,,0.9742716802168022,0.975660569105691,0.975660569105691,1.116415099997539,2026-09-25T09:09:20.150Z
20260925-083324_default,digits,pso,fold_2,2,2,159,15,9,165.78243680314873,10.570038072944046,3.0693231623831223,-1.1203615459751934,0.12170289456298333,0.4442872803954224,166,11,3,0.9742716802168021,accuracy,"[0.9618055555555556,0.9756944444444444,0.9826388888888888,0.9581881533101045,0.9930313588850174]",0.012946382387158168,0.9742101806239738,0.9740321868842357,true,ok,,0.9742716802168021,0.975660569105691,0.975660569105691,0.0,2026-09-25T09:09:20.150Z
20260925-083324_default,digits,pso,fold_2,2,2,160,16,0,172.04822418491756,11.740132050652914,2.663252990864467,-6.843766046148396,-0.13453225036533079,0.08003607798222052,172,12,3,0.9735723964382501,accuracy,"[0.96875,0.9722222222222222,0.9826388888888888,0.9547038327526133,0.9895470383275261]",0.011987423761828956,0.9735451559934317,0.9732884911475439,true,ok,,0.975660569105691,0.975660569105691,0.975660569105691,0.0,2026-09-25T09:09:25.334Z
20260925-083324_default,digits,pso,fold_2,2,2,161,16,1,172.22993774669717,10.719648743394831,2.8376683205372775,-0.5906110298209826,-0.03718066387483615,0.07881930767642034,172,11,3,0.975660569105691,accuracy,"[0.96875,0.9756944444444444,0.9826388888888888,0.9616724738675958,0.9895470383275261]",0.00984839982676041,0.9755665024630542,0.9754451779980202,true,ok,,0.975660569105691,0.975660569105691,0.975660569105691,0.0,2026-09-25T09:09:25.334Z
20260925-083324_default,digits,pso,fold_2,2,2,162,16,2,172.72231037483851,11.54787433122228,2.923894213574424,6.9556238036477716,0.9911448263402695,-0.40396476844056967,173,12,3,0.9735723964382501,accuracy,"[0.96875,0.9722222222222222,0.9826388888888888,0.9547038327526133,0.9895470383275261]",0.011987423761828956,0.9735451559934317,0.9732884911475439,false,ok,,0.9749661246612467,0.975660569105691,0.975660569105691,1.1259481000015512,2026-09-25T09:09:25.334Z
20260925-083324_default,digits,pso,fold_2,2,2,163,16,3,171.14650088728493,11.250896255014712,2.9821268459894203,-3.950152860318316,-0.3206716446171809,-0.04954010980548836,171,11,3,0.975660569105691,accuracy,"[0.96875,0.9756944444444444,0.9826388888888888,0.9616724738675958,0.9895470383275261]",0.00984839982676041,0.9755665024630542,0.9754451779980202,false,ok,,0.975660569105691,0.975660569105691,0.975660569105691,1.1070713000372052,2026-09-25T09:09:25.334Z
20260925-083324_default,digits,pso,fold_2,2,2,164,16,4,156.25733234888432,13.0222528135432,3.0817053665660405,-0.10944945798725669,1.1900852275729357,-0.02509177445477523,156,13,3,0.9707921989934185,accuracy,"[0.9618055555555556,0.96875,0.9826388888888888,0.9581881533101045,0.9825783972125436]",0.01022791117027339,0.970688013136289,0.9704923011596153,false,ok,,0.9749661246612467,0.975660569105691,0.975660569105691,1.0988208000198938,2026-09-25T09:09:25.334Z
20260925-083324_default,digits,pso,fold_2,2,2,165,16,5,152.37852754324314,11.620602499320203,3.886441242367761,13.898828140600333,-2.22749538603599,0.13144595247104807,152,12,4,0.9707970383275262,accuracy,"[0.9583333333333334,0.96875,0.9791666666666666,0.9616724738675958,0.9860627177700348]",0.010448766741169287,0.970688013136289,0.9706362431136248,false,ok,,0.972185927216415,0.975660569105691,0.975660569105691,0.9907050000037998,2026-09-25T09:09:25.334Z
20260925-083324_default,digits,pso,fold_2,2,2,166,16,6,170.5591895071005,11.918802781431763,3.0169345361829256,-0.170383510179406,1.9419125628464577,0.02955596234951253,171,12,3,0.9735723964382501,accuracy,"[0.96875,0.9722222222222222,0.9826388888888888,0.9547038327526133,0.9895470383275261]",0.011987423761828956,0.9735451559934317,0.9732880590327744,true,ok,,0.9749661246612467,0.975660569105691,0.975660569105691,0.0,2026-09-25T09:09:25.334Z
20260925-083324_default,digits,pso,fold_2,2,2,167,16,7,131.44699937993812,12.19294671015447,3.526469384439532,-17.438196134462547,-1.9968610821411543,-0.6442391730630129,131,12,4,0.9694033101045296,accuracy,"[0.9618055555555556,0.9722222222222222,0.9722222222222222,0.9581881533101045,0.9825783972125436]",0.008636909950535537,0.9692594417077176,0.9691782395117224,false,ok,,0.9721931862175763,0.975660569105691,0.975660569105691,0.8537726000067778,2026-09-25T09:09:25.334Z
20260925-083324_default,digits,pso,fold_2,2,2,168,16,8,176.1161858811881,12.005265783766234,2.994725220705853,4.645552642065435,-0.4455945261004774,0.0066504451371093174,176,12,3,0.9735723964382501,accuracy,"[0.96875,0.9722222222222222,0.9826388888888888,0.9547038327526133,0.9895470383275261]",0.011987423761828956,0.9735451559934317,0.9732884911475439,true,ok,,0.9742716802168022,0.975660569105691,0.975660569105691,0.0,2026-09-25T09:09:25.334Z
20260925-083324_default,digits,pso,fold_2,2,2,169,16,9,169.24395915403693,11.176926483527776,3.1642265295449588,3.461522350888199,0.6068884105837307,0.09490336716183626,169,11,3,0.9749661246612467,accuracy,"[0.9652777777777778,0.9756944444444444,0.9826388888888888,0.9616724738675958,0.9895470383275261]",0.010417197518536668,0.9748768472906404,0.9747412606412682,true,ok,,0.9749661246612467,0.975660569105691,0.975660569105691,0.0,2026-09-25T09:09:25.334Z
20260925-083324_default,digits,pso,fold_2,2,2,170,17,0,168.5673782135903,10.034428407726127,2.6803817833382304,-3.4808459713272475,-1.705703642926787,0.017128792473763428,169,10,3,0.9707970383275262,accuracy,"[0.9618055555555556,0.96875,0.9756944444444444,0.9581881533101045,0.9895470383275261]",0.01113165033954616,0.9707372742200328,0.9706082729455983,true,ok,,0.975660569105691,0.975660569105691,0.975660569105691,0.0,2026-09-25T09:09:27.087Z
20260925-083324_default,digits,pso,fold_2,2,2,171,17,1,171.3616445061694,11.143841606009051,2.9157164345347577,-0.8682932405277791,0.4241928626142198,0.07804811399748023,171,11,3,0.975660569105691,accuracy,"[0.96875,0.9756944444444444,0.9826388888888888,0.9616724738675958,0.9895470383275261]",0.00984839982676041,0.9755665024630542,0.9754451779980202,true,ok,,0.975660569105691,0.975660569105691,0.975660569105691,0.0,2026-09-25T09:09:27.087Z
20260925-083324_default,digits,pso,fold_2,2,2,172,17,2,171.7619123777487,11.08541461757961,2.630513325061406,-0.9603979970898073,-0.4624597136426701,-0.29338088851301813,172,11,3,0.975660569105691,accuracy,"[0.96875,0.9756944444444444,0.9826388888888888,0.9616724738675958,0.9895470383275261]",0.00984839982676041,0.9755665024630542,0.9754451779980202,true,ok,,0.975660569105691,0.975660569105691,0.975660569105691,0.0,2026-09-25T09:09:27.087Z
20260925-083324_default,digits,pso,fold_2,2,2,173,17,3,170.11013064702487,10.78058043876584,2.94635098486137,-1.0363702402600456,-0.47031581624887214,-0.035775861128050215,170,11,3,0.9749661246612467,accuracy,"[0.9652777777777778,0.9756944444444444,0.9826388888888888,0.9616724738675958,0.9895470383275261]",0.010417197518536668,0.9748768472906404,0.9747412606412682,true,ok,,0.975660569105691,0.975660569105691,0.975660569105691,0.0,2026-09-25T09:09:27.087Z
20260925-083324_default,digits,pso,fold_2,2,2,174,17,4,170.40351983076152,9.491631086475433,2.969551152904628,14.146187481877197,-3.5306217270677687,-0.11215421366141254,170,9,3,0.9701025938830817,accuracy,"[0.9583333333333334,0.9652777777777778,0.9791666666666666,0.9581881533101045,0.9895470383275261]",0.012361165589733653,0.97,0.9697602840733157,false,ok,,0.9749661246612467,0.975660569105691,0.975660569105691,1.0969323000172153,2026-09-25T09:09:27.087Z
20260925-083324_default,digits,pso,fold_2,2,2,175,17,5,171.31019317239122,9.990851835992371,3.48226139857223,18.9316656291481,-1.6297506633278316,-0.40417984379553085,171,10,3,0.9701025938830817,accuracy,"[0.9618055555555556,0.9652777777777778,0.9756944444444444,0.9581881533101045,0.9895470383275261]",0.01134397463042949,0.9700476190476189,0.9699180025589362,true,ok,,0.972185927216415,0.975660569105691,0.975660569105691,0.0,2026-09-25T09:09:27.087Z
20260925-083324_default,digits,pso,fold_2,2,2,176,17,6,172.23002179645573,12.08210530661951,2.925498529379634,1.6708322893552294,0.16330252518774646,-0.09143600680329171,172,12,3,0.9735723964382501,accuracy,"[0.96875,0.9722222222222222,0.9826388888888888,0.9547038327526133,0.9895470383275261]",0.011987423761828956,0.9735451559934317,0.9732884911475439,true,ok,,0.9749661246612467,0.975660569105691,0.975660569105691,0.0,2026-09-25T09:09:27.087Z
20260925-083324_default,digits,pso,fold_2,2,2,177,17,7,120.25015847402695,10.538162615689805,4.145023806479317,-11.196840905911177,-1.6547840944646655,0.6185544220397854,120,11,4,0.9680120015485869,accuracy,"[0.9583333333333334,0.96875,0.9756944444444444,0.9512195121951219,0.9860627177700348]",0.012337400405084029,0.9678325123152709,0.9676710671660972,false,ok,,0.9721931862175763,0.975660569105691,0.975660569105691,0.6498116999864578,2026-09-25T09:09:27.087Z
20260925-083324_default,digits,pso,fold_2,2,2,178,17,8,171.7661421304224,10.276986589443728,2.9527342051735865,-4.350043750765719,-1.7282791943225053,-0.04199101553226663,172,10,3,0.9701025938830817,accuracy,"[0.9618055555555556,0.9652777777777778,0.9756944444444444,0.9581881533101045,0.9895470383275261]",0.01134397463042949,0.9700476190476189,0.9699180025589362,true,ok,,0.9742716802168022,0.975660569105691,0.975660569105691,0.0,2026-09-25T09:09:27.087Z
20260925-083324_default,digits,pso,fold_2,2,2,179,17,9,175.03257653553075,11.591175590291542,3.1169186152115564,5.788617381493813,0.41424910676376575,-0.04730791433340244,175,12,3,0.9735723964382501,accuracy,"[0.96875,0.9722222222222222,0.9826388888888888,0.9547038327526133,0.9895470383275261]",0.011987423761828956,0.9735451559934317,0.9733235583597006,true,ok,,0.9749661246612467,0.975660569105691,0.975660569105691,0.0,2026-09-25T09:09:27.087Z
20260925-083324_default,digits,pso,fold_2,2,2,180,18,0,172.32226282580487,11.482999162885797,2.964006153943988,3.754884612214565,1.4485707551596705,0.28362437060575757,172,11,3,0.975660569105691,accuracy,"[0.96875,0.9756944444444444,0.9826388888888888,0.9616724738675958,0.9895470383275261]",0.00984839982676041,0.9755665024630542,0.9754451779980202,true,ok,,0.975660569105691,0.975660569105691,0.975660569105691,0.0,2026-09-25T09:09:30.153Z
20260925-083324_default,digits,pso,fold_2,2,2,181,18,1,172.2437124445904,11.38171780464091,2.901847125514847,0.8820679384209953,0.23787619863185877,-0.013869309019910889,172,11,3,0.975660569105691,accuracy,"[0.96875,0.9756944444444444,0.9826388888888888,0.9616724738675958,0.9895470383275261]",0.00984839982676041,0.9755665024630542,0.9754451779980202,true,ok,,0.975660569105691,0.975660569105691,0.975660569105691,0.0,2026-09-25T09:09:30.153Z
20260925-083324_default,digits,pso,fold_2,2,2,182,18,2,171.15384151192453,10.66730902784097,2.9286459640807525,-0.6080708658241809,-0.41810558973864065,0.2981326390193465,171,11,3,0.975660569105691,accuracy,"[0.96875,0.9756944444444444,0.9826388888888888,0.9616724738675958,0.9895470383275261]",0.00984839982676041,0.9755665024630542,0.9754451779980202,true,ok,,0.975660569105691,0.975660569105691,0.975660569105691,0.0,2026-09-25T09:09:30.153Z
20260925-083324_default,digits,pso,fold_2,2,2,183,18,3,175.56069708832868,10.581930848694892,3.012727207697016,5.4505664413038115,-0.1986495900709473,0.06637622283564609,176,11,3,0.9749661246612467,accuracy,"[0.96875,0.9722222222222222,0.9826388888888888,0.9616724738675958,0.9895470383275261]",0.009943487437102314,0.9748768472906404,0.9747566732426327,true,ok,,0.975660569105691,0.975660569105691,0.975660569105691,0.0,2026-09-25T09:09:30.153Z
20260925-083324_default,digits,pso,fold_2,2,2,184,18,4,179.4262825999426,8.412589520420932,2.956497062622706,9.022762769181078,-1.0790415660545007,-0.01305409028192249,179,8,3,0.9659335075493611,accuracy,"[0.9513888888888888,0.9618055555555556,0.9722222222222222,0.9581881533101045,0.9860627177700348]",0.012110404355578103,0.9658604269293924,0.9656559090437465,false,ok,,0.9749661246612467,0.975660569105691,0.975660569105691,1.0518613999593072,2026-09-25T09:09:30.153Z
20260925-083324_default,digits,pso,fold_2,2,2,185,18,5,166.20361387008515,11.967130981081905,2.6056497621165544,-5.10657930230607,1.976279145089534,-0.8766116364556757,166,12,3,0.9742668408826946,accuracy,"[0.96875,0.9756944444444444,0.9826388888888888,0.9547038327526133,0.9895470383275261]",0.011989666335000114,0.9742348111658454,0.973990245533509,false,ok,,0.9742668408826946,0.975660569105691,0.975660569105691,1.053558100014925,2026-09-25T09:09:30.153Z
20260925-083324_default,digits,pso,fold_2,2,2,186,18,6,175.61189966052495,10.956910396326293,2.91269138243019,3.38187786406922,-1.125194910293218,-0.012807146949444154,176,11,3,0.9749661246612467,accuracy,"[0.96875,0.9722222222222222,0.9826388888888888,0.9616724738675958,0.9895470383275261]",0.009943487437102314,0.9748768472906404,0.9747566732426327,true,ok,,0.9749661246612467,0.975660569105691,0.975660569105691,0.0,2026-09-25T09:09:30.153Z
20260925-083324_default,digits,pso,fold_2,2,2,187,18,7,150.25015847402693,14.138162615689804,5.745023806479317,30.0,3.6,1.6,150,14,6,0.9687088656600851,accuracy,"[0.9583333333333334,0.9652777777777778,0.9791666666666666,0.9547038327526133,0.9860627177700348]",0.012050616306282595,0.9685944170771755,0.9683614703673546,false,ok,,0.9721931862175763,0.975660569105691,0.975660569105691,0.9497154999990016,2026-09-25T09:09:30.153Z
20260925-083324_default,digits,pso,fold_2,2,2,188,18,8,171.39990155153652,10.472644689693913,2.9380173225973283,-0.36624057888586614,0.1956581002501857,-0.014716882576258392,171,10,3,0.9701025938830817,accuracy,"[0.9618055555555556,0.9652777777777778,0.9756944444444444,0.9581881533101045,0.9895470383275261]",0.01134397463042949,0.9700476190476189,0.9699180025589362,true,ok,,0.9742716802168022,0.975660569105691,0.975660569105691,0.0,2026-09-25T09:09:30.153Z
20260925-083324_default,digits,pso,fold_2,2,2,189,18,9,170.82978398661513,10.902354851342643,3.1439330402548453,-4.20279254891563,-0.6888207389488974,0.027014425043289027,171,11,3,0.975660569105691,accuracy,"[0.96875,0.9756944444444444,0.9826388888888888,0.9616724738675958,0.9895470383275261]",0.00984839982676041,0.9755665024630542,0.9754451779980202,true,ok,,0.975660569105691,0.975660569105691,0.975660569105691,0.0,2026-09-25T09:09:30.153Z
20260925-083324_default,digits,pso,fold_2,2,2,190,19,0,175.36329865957367,11.732355942467233,3.01179734231733,3.041035833768802,0.24935677958143654,0.0477911883733418,175,12,3,0.9735723964382501,accuracy,"[0.96875,0.9722222222222222,0.9826388888888888,0.9547038327526133,0.9895470383275261]",0.011987423761828956,0.9735451559934317,0.9733235583597006,true,ok,,0.975660569105691,0.975660569105691,0.975660569105691,0.0,2026-09-25T09:09:33.321Z
20260925-083324_default,digits,pso,fold_2,2,2,191,19,1,172.41836686912438,11.359907076325664,2.8325260482755312,0.17465442453400434,-0.02181072831524697,-0.06932107723931587,172,11,3,0.975660569105691,accuracy,"[0.96875,0.9756944444444444,0.9826388888888888,0.9616724738675958,0.9895470383275261]",0.00984839982676041,0.9755665024630542,0.9754451779980202,true,ok,,0.975660569105691,0.975660569105691,0.975660569105691,0.0,2026-09-25T09:09:33.321Z
20260925-083324_default,digits,pso,fold_2,2,2,192,19,2,171.40509483831596,11.039401920605062,2.7208441441500755,0.2512533263914306,0.37209289276409313,-0.20780181993067712,171,11,3,0.975660569105691,accuracy,"[0.96875,0.9756944444444444,0.9826388888888888,0.9616724738675958,0.9895470383275261]",0.00984839982676041,0.9755665024630542,0.9754451779980202,true,ok,,0.975660569105691,0.975660569105691,0.975660569105691,0.0,2026-09-25T09:09:33.321Z
20260925-083324_default,digits,pso,fold_2,2,2,193,19,3,177.2230174970799,10.923220660290886,3.0127318809054686,1.66232040875121,0.34128981159599325,4.673208452515842e-06,177,11,3,0.9749661246612467,accuracy,"[0.96875,0.9722222222222222,0.9826388888888888,0.9616724738675958,0.9895470383275261]",0.009943487437102314,0.9748768472906404,0.9747566732426327,false,ok,,0.975660569105691,0.975660569105691,0.975660569105691,1.081042499979958,2026-09-25T09:09:33.321Z
20260925-083324_default,digits,pso,fold_2,2,2,194,19,4,175.97330330134733,9.734370755855327,3.071056977197508,-3.452979298595266,1.321781235434396,0.11455991457480216,176,10,3,0.9714914827719706,accuracy,"[0.9652777777777778,0.96875,0.9756944444444444,0.9581881533101045,0.9895470383275261]",0.010646806146021981,0.9714039408866995,0.9712745499765744,true,ok,,0.9749661246612467,0.975660569105691,0.975660569105691,0.0,2026-09-25T09:09:33.321Z
20260925-083324_default,digits,pso,fold_2,2,2,195,19,5,171.01245381911087,12.38076250554312,2.0,4.808839949025737,0.413631524461215,0.0,171,12,2,0.9714963221060782,accuracy,"[0.9652777777777778,0.9618055555555556,0.9756944444444444,0.9616724738675958,0.9930313588850174]",0.011920329562144253,0.9714515599343185,0.9711985287486771,false,ok,,0.9742668408826946,0.975660569105691,0.975660569105691,0.9915873000281863,2026-09-25T09:09:33.321Z
20260925-083324_default,digits,pso,fold_2,2,2,196,19,6,174.13015911095326,10.328357748063631,2.9595744306398,-1.4817405495717049,-0.6285526482626614,0.04688304820961039,174,10,3,0.9714914827719706,accuracy,"[0.9652777777777778,0.96875,0.9756944444444444,0.9581881533101045,0.9895470383275261]",0.010646806146021981,0.9714039408866995,0.9712745499765744,true,ok,,0.9749661246612467,0.975660569105691,0.975660569105691,0.0,2026-09-25T09:09:33.321Z
20260925-083324_default,digits,pso,fold_2,2,2,197,19,7,172.11270394040187,14.860202105994134,7.132235206733054,21.862545466374936,0.7220394903043283,1.3872114002537372,172,15,7,0.9687137049941927,accuracy,"[0.9548611111111112,0.9618055555555556,0.9791666666666666,0.9581881533101045,0.9895470383275261]",0.013369340370523381,0.9686683087027914,0.96849528030708,false,ok,,0.9721931862175763,0.975660569105691,0.975660569105691,1.088262700010091,2026-09-25T09:09:33.322Z
20260925-083324_default,digits,pso,fold_2,2,2,198,19,8,175.91883589950004,11.283837427673982,3.0037087026579905,4.518934347963529,0.8111927379800677,0.06569138006066205,176,11,3,0.9749661246612467,accuracy,"[0.96875,0.9722222222222222,0.9826388888888888,0.9616724738675958,0.9895470383275261]",0.009943487437102314,0.9748768472906404,0.9747566732426327,true,ok,,0.9749661246612467,0.975660569105691,0.975660569105691,0.0,2026-09-25T09:09:33.322Z
20260925-083324_default,digits,pso,fold_2,2,2,199,19,9,167.91180660164449,10.466478676337156,2.9837598455169667,-2.917977384970638,-0.4358761750054873,-0.16017319473787842,168,10,3,0.9707970383275262,accuracy,"[0.9618055555555556,0.96875,0.9756944444444444,0.9581881533101045,0.9895470383275261]",0.01113165033954616,0.9707372742200328,0.9706082729455983,true,ok,,0.975660569105691,0.975660569105691,0.975660569105691,0.0,2026-09-25T09:09:33.322Z
20260925-083324_default,digits,pso,fold_2,2,2,200,20,0,172.14358303836013,11.235794013906439,2.968650738748198,-3.2197156212135445,-0.496561928560795,-0.04314660356913225,172,11,3,0.975660569105691,accuracy,"[0.96875,0.9756944444444444,0.9826388888888888,0.9616724738675958,0.9895470383275261]",0.00984839982676041,0.9755665024630542,0.9754451779980202,true,ok,,0.975660569105691,0.975660569105691,0.975660569105691,0.0,2026-09-25T09:09:34.379Z
20260925-083324_default,digits,pso,fold_2,2,2,201,20,1,171.4063648742855,10.697135530227776,2.8062323469492063,-1.0120019948388927,-0.6627715460978885,-0.026293701326324914,171,11,3,0.975660569105691,accuracy,"[0.96875,0.9756944444444444,0.9826388888888888,0.9616724738675958,0.9895470383275261]",0.00984839982676041,0.9755665024630542,0.9754451779980202,true,ok,,0.975660569105691,0.975660569105691,0.975660569105691,0.0,2026-09-25T09:09:34.379Z
20260925-083324_default,digits,pso,fold_2,2,2,202,20,2,171.93710811205642,11.300706551490679,2.62712763926503,0.532013273740472,0.26130463088561695,-0.09371650488504549,172,11,3,0.975660569105691,accuracy,"[0.96875,0.9756944444444444,0.9826388888888888,0.9616724738675958,0.9895470383275261]",0.00984839982676041,0.9755665024630542,0.9754451779980202,true,ok,,0.975660569105691,0.975660569105691,0.975660569105691,0.0,2026-09-25T09:09:34.379Z
20260925-083324_default,digits,pso,fold_2,2,2,203,20,3,172.8055378972578,11.345831611023465,2.951131023061899,-4.417479599822087,0.42261095073257937,-0.06160085784356976,173,11,3,0.975660569105691,accuracy,"[0.96875,0.9756944444444444,0.9826388888888888,0.9616724738675958,0.9895470383275261]",0.00984839982676041,0.9755665024630542,0.9754451779980202,true,ok,,0.975660569105691,0.975660569105691,0.975660569105691,0.0,2026-09-25T09:09:34.379Z
20260925-083324_default,digits,pso,fold_2,2,2,204,20,4,169.45872851292154,11.23287437379763,3.0176101053337554,-6.5145747884257945,1.498503617942303,-0.05344687186375222,169,11,3,0.9749661246612467,accuracy,"[0.9652777777777778,0.9756944444444444,0.9826388888888888,0.9616724738675958,0.9895470383275261]",0.010417197518536668,0.9748768472906404,0.9747412606412682,true,ok,,0.9749661246612467,0.975660569105691,0.975660569105691,0.0,2026-09-25T09:09:34.379Z
20260925-083324_default,digits,pso,fold_2,2,2,205,20,5,173.8476546734823,12.139903225580946,3.1820213705079796,2.835200854371443,-0.24085927996217243,1.1820213705079796,174,12,3,0.9735723964382501,accuracy,"[0.96875,0.9722222222222222,0.9826388888888888,0.9547038327526133,0.9895470383275261]",0.011987423761828956,0.9735451559934317,0.9732884911475439,true,ok,,0.9742668408826946,0.975660569105691,0.975660569105691,0.0,2026-09-25T09:09:34.379Z
20260925-083324_default,digits,pso,fold_2,2,2,206,20,6,173.8482343562979,11.031168018642292,2.987692551547373,-0.2819247546553616,0.7028102705786619,0.028118120907573037,174,11,3,0.9742716802168022,accuracy,"[0.9652777777777778,0.9722222222222222,0.9826388888888888,0.9616724738675958,0.9895470383275261]",0.010461140532056918,0.9741871921182266,0.9740527558858807,true,ok,,0.9749661246612467,0.975660569105691,0.975660569105691,0.0,2026-09-25T09:09:34.379Z
20260925-083324_default,digits,pso,fold_2,2,2,207,20,7,155.22376550522625,13.593799077593456,5.532235206733054,-16.888938435175614,-1.2664030284006784,-1.6,155,14,6,0.9694057297715835,accuracy,"[0.9583333333333334,0.9652777777777778,0.9791666666666666,0.9547038327526133,0.9895470383275261]",0.013089934498849307,0.9693087027914613,0.9690908207373585,false,ok,,0.9721931862175763,0.975660569105691,0.975660569105691,1.0478541000047699,2026-09-25T09:09:34.379Z
20260925-083324_default,digits,pso,fold_2,2,2,208,20,8,175.43684149668897,11.874221894963014,3.0475392900759024,-0.48199440281108075,0.5903844672890327,0.04383058741791173,175,12,3,0.9735723964382501,accuracy,"[0.96875,0.9722222222222222,0.9826388888888888,0.9547038327526133,0.9895470383275261]",0.011987423761828956,0.9735451559934317,0.9733235583597006,true,ok,,0.9749661246612467,0.975660569105691,0.975660569105691,0.0,2026-09-25T09:09:34.379Z
20260925-083324_default,digits,pso,fold_2,2,2,209,20,9,172.77130763932095,10.85940182784617,2.9221505934480834,4.859501037676463,0.3929231515090146,-0.061609252068883257,173,11,3,0.975660569105691,accuracy,"[0.96875,0.9756944444444444,0.9826388888888888,0.9616724738675958,0.9895470383275261]",0.00984839982676041,0.9755665024630542,0.9754451779980202,true,ok,,0.975660569105691,0.975660569105691,0.975660569105691,0.0,2026-09-25T09:09:34.379Z
